,ID,Target,Tweet,Stance,Opinion towards,Sentiment
220,10221,Climate Change is a Real Concern,Closed door session begins. More after they decide on the entities.  #GCF #SemST,NONE,NO ONE,NEITHER
221,10222,Climate Change is a Real Concern,"What is the #energiewende agenda? Why are they not in the ""de-carbonizer"" camp?.  How long will you tolerate the lies?  #SemST",FAVOR,TARGET,NEGATIVE
222,10223,Climate Change is a Real Concern,@climasphere Stocker: Fish catch potential could drop by as much as 50% in some areas due to #oceanacidification. #CFCC15 #SemST,FAVOR,TARGET,NEGATIVE
223,10224,Climate Change is a Real Concern,"...a longer memory, and a sterner sense of justice than we do. -W.Berry #SemST",NONE,OTHER,NEITHER
224,10225,Climate Change is a Real Concern,"Boni ""Future Sea level rise will not be uniform & different for coasts"" #CCFC15 #Journey2015 #SemST",FAVOR,TARGET,NEITHER
225,10226,Climate Change is a Real Concern,"@climasphere Bony: Extreme weather events (heat waves, drought, flooding, windstorms) made more frequent/intense by #CFCC15 #SemST",FAVOR,TARGET,NEITHER
226,10227,Climate Change is a Real Concern,Camille Parmesan: 2/3 of species have changed #habitat because of #H12 #CFCC15 #SemST,FAVOR,TARGET,NEGATIVE
227,10228,Climate Change is a Real Concern,"5 meta-analyses show 1/2 of species have changed where they live, 2/3 have changed when they live. Camille Parmesan #CFCC15 #SemST",FAVOR,TARGET,NEITHER
228,10229,Climate Change is a Real Concern,It literarly just took me 10 minutes to get in a bus because an old lady just had to go in front of everyone... #SemST,NONE,OTHER,NEGATIVE
229,10230,Climate Change is a Real Concern,"Grubb: state of energy: shift US & EU from net-producer to net-importer of emissions"" #CCFC15 #journey2015 #SemST",FAVOR,TARGET,POSITIVE
230,10231,Climate Change is a Real Concern,Interesting speaker Maarten Van Aalst @Federation how their humanitarian experience can help Climate scientists #CCFC15 #SemST,FAVOR,TARGET,POSITIVE
231,10232,Climate Change is a Real Concern,putting my neck out as such when I did not have to be here at all? Regards Dion #peace #GMS #Democracy #Transparency #Future! #SemST,NONE,OTHER,NEGATIVE
232,10233,Climate Change is a Real Concern,grow food not lawns  Lawns are Ecocide in your yard. #Patriarchy is Ecocide of your own species #DominoEffect #SemST,FAVOR,TARGET,NEGATIVE
233,10234,Climate Change is a Real Concern,This halcyon summer is over. Climate is on the move. Doug Kelbaugh #CNU23 #declarationsignee #SemST,FAVOR,TARGET,NEGATIVE
234,10235,Climate Change is a Real Concern,@soundofideas we Have to talk about new normals #SemST,NONE,OTHER,NEITHER
235,10236,Climate Change is a Real Concern,Citizens have a right to access information that would protect their lives against #risk #CLIMWARN #CFCC15 #vulnerability #SemST,FAVOR,TARGET,POSITIVE
236,10237,Climate Change is a Real Concern,That moment when Canadians realised global warming doesn't equal a tropical vacation #BCwildfire #Canadaburns #SemST,FAVOR,TARGET,NEGATIVE
237,10238,Climate Change is a Real Concern,"We NEED alternatives to #fossilfuel, but also need to maintain our #economy! This change will be gradual so lets START NOW! #SemST",FAVOR,TARGET,POSITIVE
238,10239,Climate Change is a Real Concern,#Defrance: displacements due to natural disasters higher than those caused by conflicts #migration #development #CFCC #S2242 #SemST,FAVOR,TARGET,NEGATIVE
239,10240,Climate Change is a Real Concern,"@loic Yes, you shouldn't. But, stop killing animals is not the only reason to become a vegan - #stopfamine #behealthy #SemST",NONE,OTHER,NEGATIVE
240,10241,Climate Change is a Real Concern,We don't inherit the earth from our parents we borrow it from our children #Conservation #Perspective #SemST,FAVOR,TARGET,POSITIVE
241,10242,Climate Change is a Real Concern,.@vj44 @POTUS Yay! We'd love to convert to solar power! PG&E plan to raise our rates again. #ActOnClimate #p2 #SemST,FAVOR,TARGET,POSITIVE
242,10243,Climate Change is a Real Concern,#rsaeconomy: #tax can surely play a greater role in helping richer countries slow emissions and poor countries transition. #SemST,FAVOR,TARGET,POSITIVE
243,10244,Climate Change is a Real Concern,It's raining and feels like fall I don't know what kinda summer this is  #isReal #SemST,FAVOR,TARGET,NEGATIVE
244,10245,Climate Change is a Real Concern,We can address both climate change and sustainable development with the same measures @CFigueres #SDGs #climateaction #COP21 #SemST,FAVOR,TARGET,NEITHER
245,10246,Climate Change is a Real Concern,@RachelNotley what's the plan for getting job-creating big green energy corps located here in #alberta? #taxbreaks #jobs #SemST,FAVOR,TARGET,NEITHER
246,10247,Climate Change is a Real Concern,#Mission:#Climate @ home > Purchase renewable power from your utility (by @AveKathleen) #Tip #ImpactIsReal #SemST,FAVOR,TARGET,POSITIVE
247,10248,Climate Change is a Real Concern,"There's no more normal rains anymore. Always storms, heavy and flooding. #SemST",FAVOR,TARGET,NEGATIVE
248,10249,Climate Change is a Real Concern,"@AlanBrownSNP HS2 does too much damage to local communities + to the environment,they use 60% more fuel than regular trains. #SemST",FAVOR,TARGET,NEGATIVE
249,10250,Climate Change is a Real Concern,As Western Canada Burns Harper's got his head so deep in the #tarsands he can see #ChristyClark's ankles #BCwildfire #cdnpoli #SemST,NONE,NO ONE,NEGATIVE
250,10251,Climate Change is a Real Concern,Also what's up with this ridiculous weather?? It was raining this morning and now it's like super hot! #weatherproblems #lame #SemST,FAVOR,TARGET,NEGATIVE
251,10252,Climate Change is a Real Concern,@TheWayneKing @RickSantorum @hardball @hardball_chris What values is heUsing ref criminal safety checks for weaponsAddressing #SemST,NONE,OTHER,NEGATIVE
252,10253,Climate Change is a Real Concern,Eager to learn at the Modern Prosperity event at the @hfxpublib hosted by  @EcologyAction #carbonpricing #jobsjusticeclimate #SemST,FAVOR,TARGET,POSITIVE
253,10254,Climate Change is a Real Concern,The #carbontrading in #Quebec has very ambitious GHG reduction target of 20% #nspoli #SemST,FAVOR,TARGET,NEITHER
254,10255,Climate Change is a Real Concern,@jiminhofe anthropogenicthat which is caused by humans; #SnowballJim #SemST,FAVOR,TARGET,NEGATIVE
255,10256,Climate Change is a Real Concern,I thought Seattle was supposed to have a lot more rain #drought #SemST,FAVOR,TARGET,NEGATIVE
256,10257,Climate Change is a Real Concern,On a scale of 1 to 10 the air quality in Whistler is a 35. #wildfires #BCwildfire #SemST,FAVOR,TARGET,NEGATIVE
257,10258,Climate Change is a Real Concern,"@catethegreat52 yes Catherine, the future of human civilisation depends on this generation & how it acts on #Auspol #SemST",FAVOR,TARGET,NEITHER
258,10259,Climate Change is a Real Concern,It's most exciting to witness a major development! @urgenda #SemST,NONE,NO ONE,POSITIVE
259,10260,Climate Change is a Real Concern,We are causing the ice masses of Earth to melt at an alarming rate. #SemST,FAVOR,TARGET,NEGATIVE
260,10261,Climate Change is a Real Concern,@mdrewnz Will @NZGreens support Canterbury Rocket + Nuclear Power for NZ? Send our nuclear waste to space @GenerationZer0 #SemST,FAVOR,TARGET,NEGATIVE
261,10262,Climate Change is a Real Concern,@Sam6869 research is irrelevant when biosphere is on the brink of collapse. #deforestation #6thExtinction #war #SemST,FAVOR,TARGET,NEGATIVE
262,10263,Climate Change is a Real Concern,"@ChadCowie Indigenous ppl will save the country, if it's not too late. #SemST",NONE,OTHER,POSITIVE
263,10264,Climate Change is a Real Concern,Turn the Liverpool Plains into a coal mine...is there any bad idea this government doesn't like? #FoodBowl #Shenhua #auspol #SemST,FAVOR,TARGET,NEGATIVE
264,10265,Climate Change is a Real Concern,@CBSNewYork Seems the marine animals are finally declaring war on man due to man-made environmental destruction. #SemST,FAVOR,TARGET,NEGATIVE
265,10266,Climate Change is a Real Concern,Seems I may yet get my Climate Apocalypse >:) You fucking morons! #Shenhua #LNPFAIL #keepitintheground #SemST,FAVOR,TARGET,NEGATIVE
266,10267,Climate Change is a Real Concern,The Weather app keeps taunting us with rain. #PNW #drought #SemST,NONE,OTHER,NEGATIVE
267,10268,Climate Change is a Real Concern,What do you do to help reverse climate change? Tweet your tips to inspire others! #Tip #SavePolarBear #SemST,FAVOR,TARGET,POSITIVE
268,10269,Climate Change is a Real Concern,"You know things are pretty out of control when you're happy to have ""only"" 30 degrees C indoor and it feels good. #SemST",FAVOR,TARGET,NEGATIVE
269,10270,Climate Change is a Real Concern,Haven't moved an inch since yesterday.  #bcpoli #vancouver #bcwildfire #yvr #realrenewables #SemST,NONE,NO ONE,NEITHER
270,10271,Climate Change is a Real Concern,@Gwillaumau @timpoliti @ABCthedrum @whelan60 @chrisberg NEVER KNEW INCONVENIENT FACTS WARRANTED A SHRINK!!! ROTFLMAO #auspol #SemST,NONE,OTHER,NEGATIVE
271,10272,Climate Change is a Real Concern,Will the world place sanctions on #Australia for it's insane pursuit of new massive #coal mines? #UN #auspol #sanctions #SemST,FAVOR,OTHER,NEGATIVE
272,10273,Climate Change is a Real Concern,"Now moving from summer season to........ Life, too moves from...  #climate #weatherchange #rain #forecast #wind #SemST",FAVOR,TARGET,NEITHER
273,10274,Climate Change is a Real Concern,Climate change is my issue - make it yours #Zim #SemST,FAVOR,TARGET,POSITIVE
274,10275,Climate Change is a Real Concern,#Mission:#Climate @ home > Don't let heat escape from your house over a long period #Tip #EarthRightNow #SemST,FAVOR,OTHER,NEITHER
275,10276,Climate Change is a Real Concern,Counting down the days until my PhD starts #77 #tephrochronology #southernhemisphere  #chronology #oxford #SemST,NONE,OTHER,POSITIVE
276,10277,Climate Change is a Real Concern,"Today Europe is breaking heat records, while Asia is breaking the lowest temperature records!! Should we not be concerned?!  #SemST",FAVOR,TARGET,NEGATIVE
277,10278,Climate Change is a Real Concern,Paul Leadley Talking about #biodiversity scenarios under #h22 #CFCC15 #SemST,FAVOR,TARGET,NEITHER
278,10279,Climate Change is a Real Concern,Our cardboard city with @Joshpaulevans from @TearfundRhythms in our @cscw_uk youth club on Monday. #SemST,NONE,NO ONE,NEITHER
279,10280,Climate Change is a Real Concern,Dhakal: There is no silver bullet for solutions - each city has to devise own local/specific responses to #CFCC15 #SemST,FAVOR,TARGET,POSITIVE
280,10281,Climate Change is a Real Concern,Follow @ClimatParis2015 for information on #CFCC15 - the climate change conference in Paris. #SemST,FAVOR,TARGET,NEITHER
281,10282,Climate Change is a Real Concern,"Am not a Catholic, but the pope is spot on when it comes climate change & protecting the amazon forest. #SemST",FAVOR,TARGET,POSITIVE
282,10283,Climate Change is a Real Concern,"Food and water security are intertwined: ""Adaptation costs water."" #CFCC15 #journey2015 #L25 #SemST",FAVOR,TARGET,NEITHER
283,10284,Climate Change is a Real Concern,"It's July and its 57 degrees, can't imagine what winter is going to feel like this year. #ChicagoWeather #SemST",FAVOR,TARGET,NEGATIVE
284,10285,Climate Change is a Real Concern,Adaptation is something that reduces the negative impact or enhances the positive impact of #CFCC15 #Journey2015 #SemST,FAVOR,TARGET,POSITIVE
285,10286,Climate Change is a Real Concern,@MAPSProgramme tackles difficult challenges of growth needs and unemployment alongside #CFCC15. #SemST,FAVOR,TARGET,POSITIVE
286,10287,Climate Change is a Real Concern,"Much good to be had in the lead up to #COP21. 2,200 researchers from over 100 countries, uniting to address global #CFCC15 #SemST",FAVOR,TARGET,POSITIVE
287,10288,Climate Change is a Real Concern,"#Earth is a #finite in #nature #environment, ""no amount of #dividend #value can #buy its #natural #diversity back! #SemST",FAVOR,TARGET,NEGATIVE
288,10289,Climate Change is a Real Concern,"#Obama said ""can't prevent oil exploration completely"" in the Arctic, is ""setting the highest possible standards=BS #shellno #SemST",FAVOR,TARGET,NEITHER
289,10290,Climate Change is a Real Concern,@RichardTuffin Tuvalu has been at the forefront of dealing with consequences of climate change. They are realists #auspol #SemST,FAVOR,TARGET,POSITIVE
290,10291,Climate Change is a Real Concern,A Very Good Discussion:Ruth Valerio @ARochaUK and Premier Radio's @revcindy1 on key issues affecting us in #Pope #Encyclical #SemST,NONE,OTHER,POSITIVE
291,10292,Climate Change is a Real Concern,Be kind to the earth beneath your feet.  #environment #SemST,FAVOR,TARGET,POSITIVE
292,10293,Climate Change is a Real Concern,"Also, it's raining here in the Brazilian central savannas. We were supposed to be in the pinnacle of the dry season. #SemST",FAVOR,TARGET,NEGATIVE
293,10294,Climate Change is a Real Concern,"avg house in US consumes 10,656 kWh per year 2006, Gore devoured nearly 221,000 kWh more than 20 X the nat average. #onpoli #SemST",FAVOR,TARGET,NEGATIVE
294,10295,Climate Change is a Real Concern,Please will someone at @BBCRadio4 clarify what Osbourne said about oil and renewables energy?  #budget2015 #futureoftheplanet #SemST,FAVOR,TARGET,POSITIVE
295,10296,Climate Change is a Real Concern,Participation is essential: bring vulnerable voices to the table at #COP21 says @wjamann #AgCOP21 #CFCC15 @cgiarclimate #SemST,FAVOR,TARGET,POSITIVE
296,10297,Climate Change is a Real Concern,We blame cities for the majority of CO2 emissions without acknowledging their vulnerability to #CFCC15 #journey2015 #S2228 #SemST,FAVOR,TARGET,NEGATIVE
297,10298,Climate Change is a Real Concern,@FoxNews LOL. Too bad all the other scientists agree with him. #ClimateChangeDenier #SemST,FAVOR,TARGET,NEGATIVE
298,10299,Climate Change is a Real Concern,#KCA #VoteJKT48ID ClimateCommRPB: The green diet: how to eat healthy and save the planet #SemST,FAVOR,TARGET,POSITIVE
299,10300,Climate Change is a Real Concern,@JimHarris thank you for the follow Jim!  I'm flattered!  #SemST,NONE,OTHER,POSITIVE
300,10301,Climate Change is a Real Concern,@DavidSuzukiFDN @cleanenergycan Need hydro bill fix in ON so ppl won't use dirty alt fuels to heat homes. #foodorheat #onpoli #SemST,FAVOR,TARGET,NEGATIVE
301,10302,Climate Change is a Real Concern,#Asthma is hitting our communities hard in #Chicago says @LVEJO Kim Wasserman  #cleanair4kids #Latinos #SemST,FAVOR,TARGET,NEGATIVE
302,10303,Climate Change is a Real Concern,The extreme humidity and heat right now might kill me  and it's only 10a.m. #FloridaProblems #SemST,FAVOR,TARGET,NEGATIVE
303,10304,Climate Change is a Real Concern,@ILuvCO2 @UNGeneva @WMOnews @ParisCOP21 U love CO2 so I can only understand your point of view.But u n I know the trigger of #SemST,FAVOR,TARGET,NEGATIVE
304,10305,Climate Change is a Real Concern,Haven't seen the mountains in days with all these fires. Can't stand breathing this air quality any longer!!  #SemST,FAVOR,TARGET,NEGATIVE
305,10306,Climate Change is a Real Concern,@UCSUSA @POTUS @NSCPress @DHSgov @nytimes Criminal capitalist wrecked economy08Now misleadingInvestors as to Risk of #Ecocide #SemST,FAVOR,TARGET,NEGATIVE
306,10307,Climate Change is a Real Concern,Jared likes child porn now .... Is that what happens if you eat all your meals at Subway? Must be either that or #SemST,NONE,OTHER,NEGATIVE
307,10308,Climate Change is a Real Concern,@UCSUSA @pmharper @ThomasMulcair @Kathleen_Wynne #CSOTA #fossilfuels corp misleading investors about liability for #Ecocide #SemST,FAVOR,TARGET,NEGATIVE
308,10309,Climate Change is a Real Concern,"Actually on second thoughts, it's pretty bloody terrifying #climatecrisis #ISS15 #SemST",FAVOR,TARGET,NEGATIVE
309,10310,Climate Change is a Real Concern,Gone are the days where we would get temperatures of Min -2 and Max 5 in Cape Town #SemST,FAVOR,TARGET,NEITHER
310,10311,Climate Change is a Real Concern,Zinta Zommers: need for a unified tool to bring all these variabilities together #CFCC15 #climate #SemST,FAVOR,TARGET,NEITHER
311,10312,Climate Change is a Real Concern,#Mission:#Climate @ home > Run your dishwasher only if it's full. (by @gaiam) #Tip #ActOnClimate #SemST,FAVOR,TARGET,NEITHER
312,10313,Climate Change is a Real Concern,The stock market froze  In the summer ?!! #SemST,NONE,OTHER,NEGATIVE
313,10314,Climate Change is a Real Concern,"Living an unexamined #life may be easier, but leads to disastrous consequences. #ActonClimate #Action2015 #leadership #SemST",FAVOR,TARGET,NEGATIVE
314,10315,Climate Change is a Real Concern,@stormchaser4850 @MiddleAmericaMS @NOAA 2014 was hottest year on record. Looks like 2015 is going to break that record. #SemST,FAVOR,TARGET,NEITHER
315,10316,Climate Change is a Real Concern,Climate Change Deniers are Like Pre Historic Cave Dwellers: California Governor Jerry Brown #CSOTA #uspoli #cdnpoli #SemST,FAVOR,TARGET,NEGATIVE
316,10317,Climate Change is a Real Concern,What has happened to sunny Colorado?? #cloudy #denver #nosunshine #SemST,FAVOR,TARGET,NEGATIVE
317,10318,Climate Change is a Real Concern,The biggest terror threat in the World is climate change #drought #floods #SemST,FAVOR,TARGET,NEGATIVE
318,10319,Climate Change is a Real Concern,"What has been will be again, what has been done will be done again; there is nothing new under the sun. Ecclesiastes 1:9 #SemST",NONE,OTHER,POSITIVE
319,10320,Climate Change is a Real Concern,ONE Volcano emits more pollution than man has in our HISTORY! #SemST,AGAINST,TARGET,NEGATIVE
320,10321,Climate Change is a Real Concern,@SenSanders Republicans don't care about the environment all together. They deny this fact. #SemST,FAVOR,OTHER,NEGATIVE
321,10322,Climate Change is a Real Concern,@xrisham Reminds me of Nottingham in the early 1960's #ActOnClimate #SemST,FAVOR,TARGET,NEITHER
322,10323,Climate Change is a Real Concern,"@blueislandcity Jason Berry says he discusses that while $$ would buy a big pipe, maybe that won't work w #ResilientChicago #SemST",NONE,OTHER,NEITHER
323,10324,Climate Change is a Real Concern,#Follow @SkyMutual US leader in weather #riskmanagement . Helping the world's #economy adapt to climate change. #SemST,FAVOR,TARGET,POSITIVE
324,10325,Climate Change is a Real Concern,"#CSOTA is trending at #3 in Canada on Twitter Now w/ 3,800 Tweets from the #Climate Summit of the Americas! #sm #socialmedia #SemST",FAVOR,TARGET,POSITIVE
325,10326,Climate Change is a Real Concern,Why is Stephen Harper or representative not at #costa   Does he not care about the environment?  #cdnpoli #environment #SemST,FAVOR,TARGET,NEGATIVE
326,10327,Climate Change is a Real Concern,RT @TheCLF: Thanks to everyone in Maine who contacted their legislators in support of #energyefficiency funding! #MEpoli #SemST,FAVOR,TARGET,POSITIVE
327,10328,Climate Change is a Real Concern,We're Committed to Green in Our Dreams: @GovInslee. What'll Drive Change is Power of Parents & Grandparents #CSOTA #SemST,FAVOR,TARGET,POSITIVE
328,10329,Climate Change is a Real Concern,"@UN_Spokesperson @FRANCE24 @UN @COP21 @NorwayMFA ""We are the last generation who can address this climate change #SemST",FAVOR,TARGET,NEGATIVE
329,10330,Climate Change is a Real Concern,@UN ice cracking in the summer?? SO ALARMING. #climatechangehoax #SemST,AGAINST,TARGET,NEGATIVE
330,10331,Climate Change is a Real Concern,Its July 8th.. I have clean clothes... I just put jeans on though. #SemST,NONE,NO ONE,NEITHER
331,10332,Climate Change is a Real Concern,"the water hole time to drink! RT""@vicenews #SemST",NONE,NO ONE,POSITIVE
332,10333,Climate Change is a Real Concern,"I understand the rain, but it is only about 60 degrees right now..... It is never 60 degrees in July....  #SemST",FAVOR,TARGET,NEGATIVE
333,10334,Climate Change is a Real Concern,.@McKenzieAmanda's presentation on shifting the public narrative in a hostile environment should be good #anzca2015 #SemST,NONE,OTHER,POSITIVE
334,10335,Climate Change is a Real Concern,67 degrees Fahrenheit on July 8th. I love this weather! #PureMichigan #SemST,NONE,OTHER,POSITIVE
335,10336,Climate Change is a Real Concern,#coalmining & destruction of our ability to live on earth is so stupid. Don't kill our species habitat #duh #Shenhua  #SemST,FAVOR,TARGET,NEGATIVE
336,10337,Climate Change is a Real Concern,@abcnews @Ginger_Zee  how about you give me TWO SENTENCES about climate instead of ending with a bs whale story. #SemST,FAVOR,TARGET,NEGATIVE
337,10338,Climate Change is a Real Concern,Someone send some chicken soup or some '80s Conan comics to @jamesbobier4 he's under the weather & noone wants to be there #SemST,NONE,OTHER,NEGATIVE
338,10339,Climate Change is a Real Concern,@billmckibben @suzyji Right out of the Big Tobacco playbook! Why is this disgusting strategy so bulletproof? #SemST,NONE,OTHER,NEGATIVE
339,10340,Climate Change is a Real Concern,@GuardianAus @GrogsGamut Nobody denies the climate changes. #SemST,FAVOR,TARGET,NEITHER
340,10341,Climate Change is a Real Concern,"#ClimateChangeDefinitions ""settled science"" = flawed computer models with jiggered data to force a predefined conclusion. #SemST",AGAINST,TARGET,NEGATIVE
341,10342,Climate Change is a Real Concern,People need to wake up & realize what's happening to our earth  #hello #SemST,FAVOR,TARGET,NEGATIVE
342,10343,Climate Change is a Real Concern,#Questiontime Who is more likely to solve problems related to #poverty #sustainability & #government? #religion? #business? #SemST,NONE,OTHER,NEITHER
343,10344,Climate Change is a Real Concern,The countries most likely to survive climate change in one infographic #Survive #Infographic #SemST,FAVOR,TARGET,POSITIVE
344,10345,Climate Change is a Real Concern,Terraform Earth so we can recolonize our own homes. #SemST,FAVOR,TARGET,NEGATIVE
345,10346,Climate Change is a Real Concern,What's next after 2 years? :) #thinkbig #world #solution #water #SemST,FAVOR,TARGET,POSITIVE
346,10347,Climate Change is a Real Concern,Climate change has already cut into the global food supply and is fuelling wars &natural disasters #FoodFactsWithHeroRadio #SemST,FAVOR,TARGET,NEGATIVE
347,10348,Climate Change is a Real Concern,@Myrmecos Still a larval theory. Still poorly modelled. Still unquantified. Still multi-factor. Still flummoxed by albedo. #SemST,AGAINST,TARGET,NEGATIVE
348,10349,Climate Change is a Real Concern,Whole species #Boomers #GenerationX GenerationY #GenZ Needs a vacation. 25 years on a Greek Island anyone? #HumanExtinction #SemST,FAVOR,TARGET,NEGATIVE
349,10350,Climate Change is a Real Concern,#Mission:#Climate on the road > Fly less #Tip #EarthRightNow #SemST,FAVOR,TARGET,NEITHER
350,10351,Climate Change is a Real Concern,Edenhofer: Carbon pricing is needed but not sufficient. we need complementary policies to counter #coal renaissance & #CFCC15 #SemST,FAVOR,TARGET,NEGATIVE
351,10352,Climate Change is a Real Concern,"Humanity is making #mother earth angry, that angriness is the reason for #SemST",FAVOR,TARGET,NEGATIVE
352,10353,Climate Change is a Real Concern,@WEETFEvents Jonathan Tillson from @DefraGovUK highlights how economic stability will be undermined by #SemST,NONE,NO ONE,NEITHER
353,10354,Climate Change is a Real Concern,UK homes & buildings need to be adapted to higher temperatures Daniel Johns @theCCCuk #weetfEvents #adaptation #SemST,FAVOR,TARGET,NEITHER
354,10355,Climate Change is a Real Concern,Plants and trees make oxygen which we breathe and killing the rainforest will make the earths oxygen supply weak. #earth #SemST,FAVOR,TARGET,NEGATIVE
355,10356,Climate Change is a Real Concern,"$500,000 on flags in 12 months  vs  An Inter-Generational Rot that addresses   #ThingsToSpendMyTaxesOnOtherThanFlags #SemST",NONE,OTHER,NEGATIVE
356,10357,Climate Change is a Real Concern,Climate deniers is a term used to silence those pointing out the hypocrisy in the fanatical zeal on  #climatetruth #SemST,AGAINST,TARGET,NEGATIVE
357,10358,Climate Change is a Real Concern,"#Mission:#Climate on the road > Purchase a fuel-efficient, low-greenhouse gas vehicle (by @EPA) #Tip #MissionAccept #SemST",FAVOR,TARGET,POSITIVE
358,10359,Climate Change is a Real Concern,@algore: Will we change? That's the reason we are here. Be of good cheer. We're going to win this #CSOTA #SemST,FAVOR,TARGET,POSITIVE
359,10360,Climate Change is a Real Concern,Incredibly moving as a scientist weeps on @BBCRadio4 for the #ocean & for our grandchildren's future ttp://bbc.in/1G9uil5 #SemST,FAVOR,TARGET,POSITIVE
360,10361,Climate Change is a Real Concern,Following the invitation only Climate Summit of the Americas online via twitter #CSOTA #Toronto #environment #COP21 #climate #SemST,FAVOR,TARGET,POSITIVE
361,10362,Climate Change is a Real Concern,Are the voices of younger generations represented at #CSOTA? We have a say in our collective future. #environment #COP21 #SemST,FAVOR,TARGET,POSITIVE
362,10363,Climate Change is a Real Concern,@WalshConstCo We're proud to sign #ORbizclimatedeclaration because we are committed to fighting climate change #SemST,FAVOR,TARGET,POSITIVE
363,10364,Climate Change is a Real Concern,"I remember a time when summer was actually summer, you know when it was sunny and 90 degrees everyday #whatshappening #SemST",FAVOR,TARGET,NEGATIVE
364,10365,Climate Change is a Real Concern,@neiltyson Rettet die Erde! Save the Earth!  #SemST,FAVOR,TARGET,POSITIVE
365,10366,Climate Change is a Real Concern,"@wattsupwiththat yes ironic that the alarmists are the actual ""deniers #SemST",AGAINST,OTHER,NEGATIVE
366,10367,Climate Change is a Real Concern,@JustinTrudeau Hey Justin I will give you 50 cents if you stop talking about climate 'Change' #Ottawa #davidsuzuki #cbc #SemST,AGAINST,TARGET,NEGATIVE
367,10368,Climate Change is a Real Concern,If @EPA & @POTUS don't have to follow SCOTUS why should anyone else have to #ClimateFraud #SpecialReport #WakeUpAmerica #SemST,AGAINST,OTHER,NEGATIVE
368,10369,Climate Change is a Real Concern,"If we want a future for our/Canadian kids we all need to seriously wake the fuck up,No more talk only action #Harper  #SemST",FAVOR,OTHER,NEGATIVE
369,10370,Climate Change is a Real Concern,"Govt announcement on zero carbon homes ""short-sighted, unnecessary, retrograde and damaging"" says @UKGBC #energyefficiency #SemST",AGAINST,TARGET,NEGATIVE
370,10371,Climate Change is a Real Concern,"@bbcweather Good to see more global awareness, thanks. #SemST",FAVOR,TARGET,POSITIVE
371,10372,Climate Change is a Real Concern,"We are not ""killing the Earth"". The Earth has been through worse and will be fine after all humans suffocate, drown or starve #SemST",AGAINST,TARGET,NEGATIVE
372,10373,Climate Change is a Real Concern,Sea Level Rise above 6 meters - what does that mean? It means 20 ft above current heights. #SemST,FAVOR,TARGET,NEITHER
373,10374,Climate Change is a Real Concern,@Agent350 This is not a fantasy this is negligence collusion with criminal corporations acting with negligence to #Ecocide #SemST,FAVOR,TARGET,NEGATIVE
374,10375,Climate Change is a Real Concern,We need governments and corporations to respond AND ordinary people to change our daily habits to consume less. #SemST,FAVOR,TARGET,POSITIVE
375,10376,Climate Change is a Real Concern,If you dont have the capacity to take it in and act-what can you do to increase your capacity for connection and compassion? #SemST,NONE,OTHER,NEGATIVE
376,10377,Climate Change is a Real Concern,#Mission:#Climate @ home > Take a shower instead of a bath #Tip #LoveOurPlanet #SemST,FAVOR,TARGET,POSITIVE
377,10378,Climate Change is a Real Concern,"The only thing ""man made"" about global warming is the false narrative. #WakeUpAmerica #boycottSanFrancisco #Election2016 #SemST",AGAINST,TARGET,NEGATIVE
378,10379,Climate Change is a Real Concern,"Growing concern of Pacific Islanders to adapt to sea level rise, increasing storminess; want to avoid becoming CC refugees #SemST",FAVOR,TARGET,NEGATIVE
379,10380,Climate Change is a Real Concern,@4EvaMartino  Everyone should learn this recipe - given summers are going to get warmer every year! #SemST,FAVOR,TARGET,POSITIVE
380,10381,Climate Change is a Real Concern,Rec high temp for this date in Charlotte is 101*. That was set in 1926. T-models were the worst for dangerous emissions. #SemST,FAVOR,TARGET,NEGATIVE
381,10382,Climate Change is a Real Concern,"Lot's of time, class over! @nationaljournal #SemST",NONE,NO ONE,POSITIVE
382,10383,Climate Change is a Real Concern,@TheLibertyEagle Oh for the love of Pete! I thought we were going to be incinerated by then! #SemST,NONE,OTHER,NEGATIVE
383,10384,Climate Change is a Real Concern,If complaining about irrelevant problems were illegal maybe we could solve some of the important issues #itsjustaflag #SemST,NONE,OTHER,NEGATIVE
384,10385,Climate Change is a Real Concern,"@LiberalAus - ""All"" you folks #owe me an #official #apology at this point ""absolute"" ([minimum]), re's D #peace #Transparency #SemST",NONE,NO ONE,NEGATIVE
385,10386,Climate Change is a Real Concern,"Maybe we should start ""labelling every #product"" made with its ""#Environmental #footprint""? Sooner or later we must act! #SemST",FAVOR,TARGET,POSITIVE
386,10387,Climate Change is a Real Concern,If we touch #Antarctica for one more #reason other than to #research the #impact of us we would be #insane! #Democracy #Goal? #SemST,FAVOR,TARGET,NEGATIVE
387,10388,Climate Change is a Real Concern,Wind power helped stabilize Texas' power grid during a 2014 cold snap that suddenly increased demand. #ClimateHope #Climate #SemST,FAVOR,TARGET,POSITIVE
388,10389,Climate Change is a Real Concern,"It's so cold and windy here in Sydney, I just saw a climate scientist fly past my window #auspol #ClimateChangeIsReal #SemST",FAVOR,TARGET,NEITHER
513,614,Climate Change is a Real Concern,"We cant deny it, its really happening.  #SemST",FAVOR,TARGET,NEITHER
514,615,Climate Change is a Real Concern,RT @cderworiz: Timelines are short. Strategy must be in place by climate change conference in Paris by December. #ableg #SemST,FAVOR,TARGET,POSITIVE
515,616,Climate Change is a Real Concern,SO EXCITING! Meaningful climate change action is on the way! #abpoli #GHG #SemST,FAVOR,TARGET,POSITIVE
516,617,Climate Change is a Real Concern,"Delivering good jobs for Albertans, maintaining a stable economy & meeting climate change strategy. Good goals. #abpoli #GHG #SemST",FAVOR,TARGET,POSITIVE
517,618,Climate Change is a Real Concern,@davidswann says he wants carbon fund to be spent on public transportation and renewable energy. #ejlive #ableg #SemST,FAVOR,NO ONE,NEITHER
518,619,Climate Change is a Real Concern,Questions about the @LancetGH report?  #asklancet tweet chat happening now! #actonclimate #ClimateHealth #SemST,FAVOR,TARGET,NEITHER
519,620,Climate Change is a Real Concern,We are working to elect climate-friendly governments across North America #FeelTheBern #NDP #LPC #GPC #BQ #HARPERPAC.CA #SemST,FAVOR,TARGET,POSITIVE
520,621,Climate Change is a Real Concern,@ChrisLeinberger :  change from #drivable to #walkable = #1 benefit 4 #APANE2015 #SemST,FAVOR,TARGET,POSITIVE
521,622,Climate Change is a Real Concern,"Our amazing #ESS15 panel @gkremen, @SuffolkBuilds, @maxfieldweiss & @Oakland on how to prepare & protect #BayArea region from #SemST",FAVOR,TARGET,POSITIVE
522,623,Climate Change is a Real Concern,The Climate Change people are disgusting assholes. Money transfer scheme for elite. May you rot.   #SemST,AGAINST,TARGET,NEGATIVE
523,624,Climate Change is a Real Concern,srsly weirds me out i have to wear #sunscreen for the morning #dogwalk getting a #tan at 9am? #wtf #SemST,FAVOR,TARGET,NEGATIVE
524,625,Climate Change is a Real Concern,RT @GreenLivingGB: @earthhour Looks like a great event. Green is the way forward! #SemST,FAVOR,TARGET,POSITIVE
525,626,Climate Change is a Real Concern,There use to be a glacier on the equator. #SemST,FAVOR,TARGET,NEITHER
526,627,Climate Change is a Real Concern,#PathtoPositive #LA region's green leaders United to find local solutions to #LACityHall #SemST,FAVOR,TARGET,POSITIVE
527,628,Climate Change is a Real Concern,@MonsterMarcia Kudos to these young people! Next generation of activists! #OnlyOneEarth #SemST,FAVOR,TARGET,POSITIVE
528,629,Climate Change is a Real Concern,"Macro problems face us all, but people focus on micro problems because they are within our immediate power to fix #SemST",FAVOR,TARGET,NEGATIVE
529,630,Climate Change is a Real Concern,Drought effects spreading in western NorAm and BC Gov't will destroy prime farmland to enable more #LNG #SiteC #bcpoli #SemST,FAVOR,TARGET,NEGATIVE
530,631,Climate Change is a Real Concern,@RegimeChangeBC @ndnstyl It's sad to be the last generation that could change but does nothing. #Auspol #SemST,FAVOR,TARGET,NEGATIVE
531,632,Climate Change is a Real Concern,#Netherlands just taught the rest of the world a very important lesson.  #SemST,NONE,OTHER,POSITIVE
532,633,Climate Change is a Real Concern,Confession: the state of the world has been getting me down lately.  #deathsincustody #everydayracism #SemST,NONE,OTHER,NEGATIVE
533,634,Climate Change is a Real Concern,Go Dutch New meaning: citizens take their governments to court to make them act on climate promises #Hague #Hope #COP21 #SemST,FAVOR,TARGET,POSITIVE
534,635,Climate Change is a Real Concern,Thank you @GreenpeaceNZ for getting out there yesterday and highlighting  one of the most important issues we are facing. #SemST,FAVOR,TARGET,POSITIVE
535,636,Climate Change is a Real Concern,Great to hear @dannyksfun @kdeleon remind us #diversity needed for best #innovation #ESS15 #americaknowshow #SemST,NONE,OTHER,POSITIVE
536,637,Climate Change is a Real Concern,"Isn't CO2 impact on warming logarithmic, and at current levels, 390 ppm, incremental impact negligible? #NDP #SemST",FAVOR,TARGET,NEGATIVE
537,638,Climate Change is a Real Concern,Is the new Pahiatua plant going to be primarily coalfired? Large companies like @Fonterra should be taking the lead against #SemST,FAVOR,TARGET,NEITHER
538,639,Climate Change is a Real Concern,#Mission:#Climate @ home > Buy drinking water & soda in big bottles... #Tip #SemST,FAVOR,TARGET,POSITIVE
539,640,Climate Change is a Real Concern,"If you have any remaining doubts about climate change, go watch @chasingice on Netflix and proceed to shitting your pants. #SemST",FAVOR,TARGET,NEGATIVE
540,641,Climate Change is a Real Concern,"@AlharbiF I'll bomb anything I can get my hands on, especially if THEY aren't christian. #graham2016 #GOP #SemST",NONE,OTHER,NEGATIVE
541,642,Climate Change is a Real Concern,"When debunking climate myths: fight sticky myths with stickier facts, mention the myth and explain the fallacy!  #SemST",FAVOR,TARGET,NEGATIVE
542,643,Climate Change is a Real Concern,"I really can't stand the Catholic church but I think I have a crush on #PopeFrancis ! Shhhh, don't tell!  #AnimalRights #SemST",NONE,OTHER,NEITHER
543,644,Climate Change is a Real Concern,Can't wait to watch 'When Attenborough Met Obama' Should be fascinating! @POTUS #sirdavidattenborough #lovemydavid #Hero #SemST,NONE,OTHER,POSITIVE
544,645,Climate Change is a Real Concern,@MarkRuffalo @flea333 @kellyslater unfortunate how USA refuses to take seriously damage we're responsible for #SaveTheEarth  #SemST,FAVOR,TARGET,NEGATIVE
545,646,Climate Change is a Real Concern,Most people say that it is the intellect which makes a great scientist. They are wrong: it is character. ~ Albert Einstein  #SemST,NONE,OTHER,POSITIVE
546,647,Climate Change is a Real Concern,@CBCNews @nationalpost The human mind is incapable of dealing with that of which it has no experience  #SemST,NONE,OTHER,NEITHER
547,648,Climate Change is a Real Concern,RT @victoriaswatson: @WhiteHouse @POTUS What a wonderful exchange between two of the world's greatest men! Really touching. # #SemST,NONE,OTHER,POSITIVE
548,649,Climate Change is a Real Concern,"I love this Pope. I don't care what religion you are, this guy is awesome. #SemST",NONE,OTHER,POSITIVE
549,650,Climate Change is a Real Concern,"Appropriate that I'd watch the Futurama episode ""Crimes of the Hot"" before the hottest weekend so far this summer. #futurama #SemST",NONE,NO ONE,NEITHER
550,651,Climate Change is a Real Concern,Why all talks #Rainforests? 1/6 of the World Russia is not less important ! #DoctorCarbon Advocate #sustainability !   #SemST,FAVOR,TARGET,NEGATIVE
551,652,Climate Change is a Real Concern,A lot of damage is being done every day. But we are going to win this. #yrcannes #CannesLions #SemST,FAVOR,TARGET,POSITIVE
552,653,Climate Change is a Real Concern,In the U.S. coal is dead Al Gore @Cannes_Lions #CannesLions #SemST,NONE,OTHER,NEGATIVE
553,654,Climate Change is a Real Concern,@worldfarmersorg congress. @BartoliniMatteo :Dutch way in reducing greenhouse gasses agriculture is excellent example combat #SemST,FAVOR,TARGET,POSITIVE
554,655,Climate Change is a Real Concern,"RT @transitionlouth: @BP_plc We need degrowth - stop destroying our planet, BP. #SemST",FAVOR,TARGET,NEGATIVE
555,656,Climate Change is a Real Concern,"@ParvaSaeua not to worry, our real enemy is #Obama #SemST",NONE,OTHER,NEGATIVE
556,657,Climate Change is a Real Concern,' taking a stand to preserve traditional sea levels' #SemST,FAVOR,TARGET,POSITIVE
557,658,Climate Change is a Real Concern,BIG #DecaYeah and Happy #Smackoff / #EichelDay to @AnthonySalerno & @EagtheDeuce #ValKilmer #Bust #SemST,NONE,OTHER,NEITHER
558,659,Climate Change is a Real Concern,"@EnvReddit no surprise with this, @blindspotting has some ideas on how to take a holistic approach #circulareconomy #SemST",NONE,OTHER,POSITIVE
559,660,Climate Change is a Real Concern,"BREAKING: This just in, an ocean wave just broke an inch further on the beach than normal! #SemST",AGAINST,TARGET,NEGATIVE
560,661,Climate Change is a Real Concern,"With no rain in the next 5 days, it would have been the driest June in #Santiago de #Chile in morden history. #SemST",FAVOR,TARGET,NEITHER
561,662,Climate Change is a Real Concern,"@SenWhitehouse "" Dr. David Legates of the University of Delaware explain....higher temperatures lead to higher levels of CO2 #SemST",FAVOR,TARGET,NEITHER
562,663,Climate Change is a Real Concern,"Politics, Religion, Race; we are so busy killing & hurting each other, Earth dries up & we will all die anyway. #drought #SemST",FAVOR,TARGET,NEGATIVE
563,664,Climate Change is a Real Concern,@shalyn67 religion / race have already been disproven by reason and science. I wonder what we can do about politics #drought #SemST,NONE,OTHER,NEGATIVE
564,665,Climate Change is a Real Concern,"What a great week for social issues #SCOTUS Now, let's get to work on #environment and #SemST",FAVOR,TARGET,POSITIVE
565,666,Climate Change is a Real Concern,"Islamists kill in France, Tunisia and Syria. But let's remember that our greatest threat is from the #hoax formerly known as #SemST",NONE,OTHER,NEGATIVE
566,667,Climate Change is a Real Concern,So #Christian s...  Without beaches what is your God going to make sand people out of?  #RisingSeaLevel #SemST,FAVOR,TARGET,NEGATIVE
567,668,Climate Change is a Real Concern,@jimrome @Daytripper20 Yea Yea Yea Yea #Smackoff #ValKilmer #SeeingWonder #BumSmack #SemST,NONE,NO ONE,POSITIVE
568,669,Climate Change is a Real Concern,"I don't want to be ""that guy"" but can we now make ""climate change denier marriage"" illegal? #MarriageEquaility #Idea #SemST",FAVOR,TARGET,NEGATIVE
569,670,Climate Change is a Real Concern,"Seriously, how many times can #Republicans be wrong? #ACA #LGBTRights #GovernmentShutdown #AutoBailout #StimulusSpending #SemST",NONE,OTHER,NEGATIVE
570,671,Climate Change is a Real Concern,Dear #seattleweather please stay exactly how you are right now. #thismorning #okaythanksbye #SemST,NONE,OTHER,POSITIVE
571,672,Climate Change is a Real Concern,@NCRegister @peaceischrist @diocesefwsb @CatholicVote Unless it's #SemST,NONE,OTHER,NEITHER
572,673,Climate Change is a Real Concern,@jimrome I think the 5k has got them gripping Romey #SmackOff #valkilmer #seeingwonder #SemST,NONE,OTHER,NEGATIVE
573,674,Climate Change is a Real Concern,The best call still and will always be Matt in Cleveland. #KirstieAllie #ValKilmer #SemST,NONE,OTHER,POSITIVE
574,675,Climate Change is a Real Concern,@FlyingFree333 wow that is certainly an extreme prognostication! #gop #libertarian #SemST,NONE,OTHER,NEGATIVE
575,676,Climate Change is a Real Concern,"Let's all stop saying people don't ""believe"" in Climate Change. It's not a matter of faith. They don't UNDERSTAND #SemST",FAVOR,TARGET,NEGATIVE
576,677,Climate Change is a Real Concern,(2/2) 300 words and be sent to climateconference2015@gmail.com #sustainability #sustainabledevelopment #SemST,FAVOR,TARGET,NEITHER
577,678,Climate Change is a Real Concern,@_A___L___I_ well they should! Why do you think people in Karachi r dying? because we don't care about our environment! #SemST,FAVOR,TARGET,NEGATIVE
578,679,Climate Change is a Real Concern,Why is nothing being done about  #SemST,NONE,OTHER,NEGATIVE
579,680,Climate Change is a Real Concern,"If it doesn't warm up soon @Number10gov, I want my money back on the panels for misselling. #45Minutes #dodgydata #Drtker #SemST",NONE,OTHER,NEGATIVE
580,681,Climate Change is a Real Concern,News flash for all the haters!! THE EARTH IS ROUND! #LoveWins #SCOTUS #SemST,NONE,OTHER,NEITHER
581,682,Climate Change is a Real Concern,"@LStygal I'm with you there, plenty of followers on that do to #environment #greenvegans #plugging #SemST",FAVOR,TARGET,POSITIVE
582,683,Climate Change is a Real Concern,Eating a cow is 9x worse than eating a chicken in terms of CO2 emissions. #SemST,FAVOR,TARGET,NEGATIVE
583,684,Climate Change is a Real Concern,"When the Last Tree Is Cut Down, the Last Fish Eaten & the Last Stream Poisoned, You Will Realize That You Cannot Eat Money #SemST",FAVOR,OTHER,NEGATIVE
584,685,Climate Change is a Real Concern,Australia is leading the way. Backwards. #MarriageEquaility #auspol #SemST,NONE,OTHER,NEGATIVE
585,686,Climate Change is a Real Concern,@ClimateCentral @ChristineMilne Some people r so guilt free #SemST,NONE,OTHER,NEGATIVE
586,687,Climate Change is a Real Concern,America is changing faster like speed of the light #ConfederateTakeDown  #LoveWins #SemST,NONE,OTHER,POSITIVE
587,688,Climate Change is a Real Concern,Climate change?! Explain the definition of climate change.. #fraud #CCOT #liberty #CruzCrew #SemST,AGAINST,TARGET,NEGATIVE
588,689,Climate Change is a Real Concern,@washingtonpost That is one of the most INSANE and DELUSIONAL quotes I've ever seen.  #tcot #tlot #SemST,NONE,OTHER,NEGATIVE
589,690,Climate Change is a Real Concern,Just got canvassed! Hope you'll join me in supporting @VPIRG this summer! #solar #peoplepower #SemST,FAVOR,TARGET,POSITIVE
590,691,Climate Change is a Real Concern,When U think about #GOP positions on #MarriageEquality #EqualPay #Guns & #Marijuana its no surprise they don't believe in #SemST,NONE,OTHER,NEGATIVE
591,692,Climate Change is a Real Concern,@annbritton @NicolleFlint @guinnipig time will prove who's right. #disease #drought #obesity #SemST,FAVOR,TARGET,POSITIVE
592,693,Climate Change is a Real Concern,"Last time I checked, Al Gore is a politician, not a scientist.. #WCS15 #SemST",AGAINST,TARGET,NEGATIVE
593,694,Climate Change is a Real Concern,The default scientific position is skepticism. #tcot #SemST,NONE,OTHER,NEGATIVE
594,695,Climate Change is a Real Concern,"One day it will be clear that someone has changed their opinion due 2 one or more of my tweets, but I'm not holding my breath #SemST",NONE,OTHER,NEITHER
595,696,Climate Change is a Real Concern,"Btw, @barackobama -@potus , seem as though you^ve been LOSING in the fight AGAINST . #SemST",NONE,OTHER,NEGATIVE
596,697,Climate Change is a Real Concern,Considering moving yo Antarctica as thats the only way I could possibly become more #chill #SemST,NONE,OTHER,NEGATIVE
597,698,Climate Change is a Real Concern,"#FF @YebSano, @Alex_Verbeek, @AboutREnergy, @ClimateThing, & @Recycle2Print. Work for a #green energy future. #SemST",FAVOR,TARGET,POSITIVE
598,699,Climate Change is a Real Concern,"#FF @CarbonTaxCenter, @ProtecThePlanet, @WCSMyanmar, @ClimateWise2015, & @Pragmactivist99. Work for a #green energy future. #SemST",FAVOR,TARGET,POSITIVE
599,700,Climate Change is a Real Concern,"This just in: Republican Primary Debates are down to topic of ""Who Wore It Better?"" #LoveWins #MarriageEquaility #Obamacare #SemST",NONE,OTHER,NEGATIVE
600,701,Climate Change is a Real Concern,#Mission:#Climate @ home > Wrap your water heater in an insulation blanket #Tip #ActOnClimate #SemST,FAVOR,TARGET,POSITIVE
601,702,Climate Change is a Real Concern,@cschultzwx there has been a ton of lightning up there every other day for the past week! #lolz #SemST,NONE,NO ONE,POSITIVE
602,703,Climate Change is a Real Concern,@DrOakley1689 @PhxApologetics Maybe they just misused their resources and their societies collapsed #deforestation #SemST,FAVOR,TARGET,NEGATIVE
603,704,Climate Change is a Real Concern,@LogixLiving my lawn is burnt two days after rain #yeg #SemST,NONE,OTHER,NEITHER
604,705,Climate Change is a Real Concern,It's hotter in Oregon then it is in California right now. #SemST,FAVOR,TARGET,NEITHER
605,706,Climate Change is a Real Concern,Negative times a negative equals a positive...wonder if that applies to emotions too??? #manthoughts #sustainablehumans #SemST,NONE,NO ONE,NEGATIVE
606,707,Climate Change is a Real Concern,the #KarachiHeatWave death toll climbs to 1210 deaths in 5 days #carbonemissions #SemST,FAVOR,TARGET,NEGATIVE
607,708,Climate Change is a Real Concern,@theresa_beh I'm just happy he's telling the @gop to wise up RE: #SemST,NONE,OTHER,POSITIVE
608,709,Climate Change is a Real Concern,I'm in hell. I feel the fiery tips of insidious flames swiftly sauntering into my room. Or maybe I don't have AC #SemST,NONE,NO ONE,NEGATIVE
609,710,Climate Change is a Real Concern,Why is there no #CaptainPlanet movie??? Rt if u want one. #environment #planet #earth #SemST,NONE,OTHER,NEITHER
610,711,Climate Change is a Real Concern,@BillMoyersHQ CONGRATULATIONS to the DUTCH!!!!!!! GOOD WORK!!!!!! #Change #SemST,NONE,OTHER,POSITIVE
611,712,Climate Change is a Real Concern,Sunny  Rainy bipolar weather. Wow real quick ma nigga #SemST,NONE,OTHER,NEGATIVE
612,713,Climate Change is a Real Concern,".@msimire says children, women, elderly people especially at risk to health impacts of #ClimateReporting2015 #SemST",FAVOR,TARGET,NEGATIVE
613,714,Climate Change is a Real Concern,@notabarrister @scrufflove pfft...we're getting that next week #standard #SemST,NONE,NO ONE,NEITHER
614,715,Climate Change is a Real Concern,Observations on the atmosphere and oceans reflect the human influence in climate change via Dr. Dimitra Founda #rengreece #SemST,FAVOR,TARGET,NEITHER
615,716,Climate Change is a Real Concern,#Mission:#Climate @ home > Opt for reusable bags instead of plastic bags (by @gaiam) #Tip #ActOnClimate #SemST,FAVOR,TARGET,POSITIVE
616,717,Climate Change is a Real Concern,@irish0831 Good grief! I can feel the desperation seeping off the page.   GOOD. We've got 'em on the ropes.  #SemST,NONE,OTHER,POSITIVE
617,718,Climate Change is a Real Concern,RT @zerofootprint: RT @ClimateReality: #ClimateFact India may stand to lose 1.8% of its annual GDP by 2050 due to #SemST,FAVOR,TARGET,NEITHER
618,719,Climate Change is a Real Concern,V @QueenNoor V @Guardian The Biggest Story In World Podcast @WhiteHouse @AlGore @TheHill of @GOP STUPIDITY And IGNORANCE! #SemST,NONE,OTHER,NEGATIVE
619,720,Climate Change is a Real Concern,The facts are in. It is clear as our numbered days. Climate change is humanity's fault. And we are facing extinction. #SemST,FAVOR,TARGET,NEGATIVE
620,721,Climate Change is a Real Concern,"@Aman_Pasha Higher sea levels & temperature, glacial retreat, warmer oceans, extreme weather events. Plenty of evidence. #SemST",FAVOR,TARGET,NEGATIVE
621,722,Climate Change is a Real Concern,"If ozone science had been ignored by your dad, @JebBush we would be in dire straits right now. Could you thank him for us? #SemST",FAVOR,TARGET,NEGATIVE
622,723,Climate Change is a Real Concern,Working with artists & culture is key to weave through the efforts we're doing #grassroots #SemST,NONE,OTHER,POSITIVE
623,724,Climate Change is a Real Concern,@brasfildtsb He hit the nail on the head. We're (hopefully) on the edge of a paradigm shift on #SemST,NONE,OTHER,POSITIVE
624,725,Climate Change is a Real Concern,Ocean acidification is the most important scientific crisis that we face today Donna Roberts #CambioClimatico #SemST,FAVOR,TARGET,NEGATIVE
625,726,Climate Change is a Real Concern,"Today is June 27th and it's 66 degrees out, wtf. #takeme2thecarribean #anywhereneartheequator #SemST",FAVOR,OTHER,NEGATIVE
626,727,Climate Change is a Real Concern,The amount of hot takes coming from #LoveWins is the single most significant cause of . #ThanksObama #SemST,NONE,OTHER,POSITIVE
627,728,Climate Change is a Real Concern,At 2C increase we're expecting 20-30% species at risk of #extinction Rosina Bierbaum #CambioClimtico #SemST,FAVOR,TARGET,NEGATIVE
628,729,Climate Change is a Real Concern,"@MercianRockyRex I suspect that @DanHannanMEP may well just prefer to stick to his, erm, principles on this one. #SemST",NONE,OTHER,NEITHER
629,730,Climate Change is a Real Concern,"That #Putin chap must be extremely #confused, it stuck between 2 old now #ideologies just between you & me! ""Regards D #peace #SemST",NONE,OTHER,NEGATIVE
630,731,Climate Change is a Real Concern,I Like learning in depth about nutrition/health @TEDTalks @NetflixUK #Disease #westerndiet  #Health   #agriculture  #SemST,NONE,OTHER,POSITIVE
631,732,Climate Change is a Real Concern,Oh my lord! So hot and humid for few days now. Can u stop cutting trees and cut down ur emissions World??? #SavetheWorld #SemST,FAVOR,TARGET,NEGATIVE
632,733,Climate Change is a Real Concern,Did u know th #SCOTUS is 2 Decide If #Coal Plants Can Keep #Emitting Unlimited #Mercury 2 r atmosphere? #POTUS #Gop #Justices #SemST,FAVOR,TARGET,NEITHER
633,734,Climate Change is a Real Concern,"Hmmm, what's next re my #bucketlist I wonder in #peace in a #democratic manner re #why I'm here? #Peace #Democracy #Goal? #SemST",NONE,OTHER,POSITIVE
634,735,Climate Change is a Real Concern,Is there a breeze i can catch Lakefront or will I die of a heat stroke there as well? #heatstroke #SemST,FAVOR,TARGET,NEGATIVE
635,736,Climate Change is a Real Concern,Fossil fuel divestment won't necessarily stop climate change but it is a step in the right direction. #keepitintheground #SemST,FAVOR,TARGET,POSITIVE
636,737,Climate Change is a Real Concern,Government trusts you to listen to the narrative but never enough to let you see the proof... #SemST,NONE,OTHER,NEGATIVE
637,738,Climate Change is a Real Concern,@SpeakerBoehner @JebBush @tedcruz Denial isn't just a river in Egypt. It's #gop strategy. #racism #SemST,NONE,OTHER,NEGATIVE
638,739,Climate Change is a Real Concern,"Thx @susanbowenphoto @Omaniblog had fun in my home county, will be back later this summer with @castellscarmen-catching up 4 #SemST",NONE,NO ONE,POSITIVE
639,740,Climate Change is a Real Concern,loud ass thunder and three seconds of rain here #thanksobama #SemST,FAVOR,TARGET,NEGATIVE
640,741,Climate Change is a Real Concern,When your wearing sweaters in the summer #SemST,FAVOR,TARGET,NEGATIVE
641,742,Climate Change is a Real Concern,"For me watching the #ideology of #capitalism at work is like watching a ""train wreck"" in #progress! #Democracy #Goal? #Future #SemST",NONE,OTHER,NEGATIVE
642,743,Climate Change is a Real Concern,#Technology is a sign of how far we have come! The #ideology of #capitalism is a sign of how far we have to go! #Methodology #SemST,NONE,NO ONE,POSITIVE
643,744,Climate Change is a Real Concern,"The + 1 is a #democratic dip in ""deeper waters"" & no more re #why I'm here, regards Dion #peace #Democracy! #Goal? #Future??? #SemST",NONE,OTHER,NEGATIVE
644,745,Climate Change is a Real Concern,"After the Millennials come the Apocalypticals. Thanks, breeders. #overpopulation #SemST",NONE,OTHER,NEGATIVE
645,746,Climate Change is a Real Concern,A changing planet: 4 places where climate change is taking its toll #SemST,FAVOR,TARGET,NEGATIVE
646,747,Climate Change is a Real Concern,"Thank you to all our 300 followers, helping us to raise awareness of #HumanRights #SOSEurope #prisonersofconscience #torture #SemST",NONE,OTHER,POSITIVE
647,748,Climate Change is a Real Concern,"I'm blowing AC with the top off, in the middle of the night, in Oregon.. #SemST",FAVOR,TARGET,NEITHER
648,749,Climate Change is a Real Concern,There's a great challenge 4 #leadershhip in #globslopportunity 2search synergetic efforts w/ their fellows to get engaged in #SemST,NONE,NO ONE,POSITIVE
649,750,Climate Change is a Real Concern,#seattle 72 degrees. Trying to sleep with industrial fan--sounds like choppers are circling the house. #HeatWave #SemST,FAVOR,TARGET,NEGATIVE
650,751,Climate Change is a Real Concern,"@UN - Yet another I #pray in my ""own"" way day re #why I'm online, that #important this I know! ""Regards"" Dion #peace #Future #SemST",NONE,NO ONE,POSITIVE
651,752,Climate Change is a Real Concern,"First listen, then conviction, next action - Dali Lama on #Glasto2015 #SemST",NONE,OTHER,POSITIVE
652,753,Climate Change is a Real Concern,Brilliant talk from @GeorgeMonbiot #Dali Lama @guardian #divestment is the key action for all on #Glasto2015 #SemST,NONE,OTHER,POSITIVE
653,754,Climate Change is a Real Concern,I'm burnin up baby where u at? #hangin #hanginpls #SemST,NONE,OTHER,NEGATIVE
654,755,Climate Change is a Real Concern,RT varunkr842: #Please_Save_Trees for our own #Survival to fight #Saveourplanet #SemST,FAVOR,TARGET,POSITIVE
655,756,Climate Change is a Real Concern,"This Pope. I swear, he is about to tempt my wayward ass back to the church. #love #justice #SemST",NONE,OTHER,POSITIVE
656,757,Climate Change is a Real Concern,#Mission:#Climate on the road > Give your car a break (by @EPA) #Tip #SemST,FAVOR,TARGET,NEITHER
657,758,Climate Change is a Real Concern,"Raining again then Im sure, it wi suddenly get warm again right after. #SemST",FAVOR,TARGET,NEGATIVE
658,759,Climate Change is a Real Concern,"as they say touch-wood say tomorrow then I will #democratically be back this way!?!! Re's D #peace ""really"" gone #Democracy #SemST",NONE,OTHER,NEGATIVE
659,760,Climate Change is a Real Concern,Wearing a sweater at the end of June! #itfeelslikespring #SemST,FAVOR,TARGET,NEITHER
660,761,Climate Change is a Real Concern,.@BlissTabitha I'm sure this Eco-Friendly Pope will remember to Turn-Off-the-Lights on his way out #LastPope  #PopeForPlanet  #SemST,FAVOR,TARGET,POSITIVE
661,762,Climate Change is a Real Concern,#SpaceX is looking like major litterbug! Do they clean up the debris. It's $1500 if I litter hi-way. Space X #SemST,NONE,OTHER,NEGATIVE
662,763,Climate Change is a Real Concern,@realDonaldTrump - You are not very smart Donald #SemST,NONE,TARGET,NEGATIVE
663,764,Climate Change is a Real Concern,#Mission:#Climate @ home > Move your thermostat down 2C in winter and up 2C in summer #Tip #DoYourPart #SemST,FAVOR,TARGET,POSITIVE
664,765,Climate Change is a Real Concern,@RileyRoder And yet James Inhofe tells us that global warming isn't real. #SemST,FAVOR,TARGET,NEGATIVE
665,766,Climate Change is a Real Concern,.@quinn43 Thanks for the follow. Check out CCL for solutions. #solutions #citizensclimatelobby2015 #SemST,FAVOR,TARGET,POSITIVE
666,767,Climate Change is a Real Concern,#Republican party will go down in history books as party that stood in the way of #gayrights and initiative to reverse #SemST,NONE,OTHER,NEGATIVE
667,768,Climate Change is a Real Concern,Bought media = advertising. Earned media = #socialmedia. Real causes do not have #botfollowers #environment #CrueltyFree #SemST,FAVOR,OTHER,NEGATIVE
668,769,Climate Change is a Real Concern,@carol_holman @heifer109 i always said that Democrats would tax the weather if they could #SemST,NONE,OTHER,NEGATIVE
669,770,Climate Change is a Real Concern,@ChelseaMAGOP He's not perfect. Who among us is?  ;-)  #encyclical #SemST,NONE,OTHER,NEGATIVE
670,771,Climate Change is a Real Concern,5-6 inches of rain in a day & from next day there is no rain at all. Temperature reaches 39 C in #Ahmedabad.  #environment #SemST,FAVOR,TARGET,NEITHER
671,772,Climate Change is a Real Concern,GA: AIW Support Strong Compass. Global Climate Agreement: passed  #uuaga #SemST,FAVOR,TARGET,NEITHER
672,773,Climate Change is a Real Concern,The last thing #Australia or the world needs are 2 more vast earth destroying #coal mines! Let's get real and fight  #auspol #SemST,FAVOR,TARGET,NEGATIVE
673,774,Climate Change is a Real Concern,"Barack Obama meets David Attenborough, I'm so ready for this and I cannot wait! 89 year's old and always on form #legend #SemST",NONE,OTHER,POSITIVE
674,775,Climate Change is a Real Concern,Enjoying watching Sir David Attenborough and Obama talk about climate change mitigation #LoveNature #SemST,FAVOR,TARGET,POSITIVE
675,776,Climate Change is a Real Concern,"Attenborough: 'The real problem is global' i.e. not just me, or you, but us #SemST",FAVOR,TARGET,NEGATIVE
676,777,Climate Change is a Real Concern,"''this is the planet on which we live, it's the only one we've got and we've got to protect it.'' #Obama #Attenborough #SemST",FAVOR,TARGET,POSITIVE
677,778,Climate Change is a Real Concern,"The natural world is part of our inheritance, we have to protect it  @Sir_Attenboroug with @POTUS on #BBC #Earth #SemST",FAVOR,TARGET,POSITIVE
678,779,Climate Change is a Real Concern,Amazing interview with @POTUS and David Attenborough #SemST,NONE,NO ONE,POSITIVE
679,780,Climate Change is a Real Concern,#vatican will be destroyed the most vile creatures ever the creators of #islam #sodomising #children  #fakestine and #SemST,NONE,OTHER,NEGATIVE
680,781,Climate Change is a Real Concern,@thewest_com_au @Pammieoz we're way behind everybody on just about everything  #gaymarriage #asylumseekers #SemST,NONE,OTHER,NEGATIVE
681,782,Climate Change is a Real Concern,Regards Dion #peace to you & all #including into the #future on a clearly #known to be #finiteinnatureplanet outta here gone #SemST,FAVOR,TARGET,POSITIVE
682,783,Climate Change is a Real Concern,"Oh: Watching the #news re #Greece currently, it's ([all]) #relative re #why I'm here! Re's D #peace #GMS #Democracy #Goal??? #SemST",NONE,OTHER,NEITHER
683,784,Climate Change is a Real Concern,".@TonyAbbottMHR still boasting on international stage of removing Price on Carbon, which he refers to as ""toxic tax"" #auspol #SemST",NONE,NO ONE,NEGATIVE
684,785,Climate Change is a Real Concern,We support Australia's Climate Roundtable which is providing a framework for sensible debate ahead of Paris @COP21 #SemST,FAVOR,TARGET,POSITIVE
685,786,Climate Change is a Real Concern,"If you say climate change is a myth, you may want to become a fantasy author since you already live in an alternate reality. #SemST",FAVOR,TARGET,NEGATIVE
686,787,Climate Change is a Real Concern,RT @abhinav_khanal: 700 people dead in Pakistan due to heatwave. #SemST,FAVOR,NO ONE,NEGATIVE
687,788,Climate Change is a Real Concern,Glad for the millions of lives improved this week. Now let's set our sights on helping millions more. #ImmigrationAction #SemST,NONE,OTHER,POSITIVE
688,789,Climate Change is a Real Concern,"At what point do we rename summer ""The Rainy Season""? #Cdnpoli #SemST",FAVOR,TARGET,NEITHER
689,790,Climate Change is a Real Concern,"Can @BarackObama use $866,615 of jet fuel on His #EarthDay trip to Florida? YES HE CAN!!! -mao @POTUS #FAIL #SemST",NONE,OTHER,NEGATIVE
690,791,Climate Change is a Real Concern,Honestly I don't understand why I like California so much. I'm so bad in the heat. #SemST,NONE,OTHER,NEITHER
691,792,Climate Change is a Real Concern,Inland so cal has been hot and humid all day. This seems to be our summers - muggy. So strange. #SemST,FAVOR,NO ONE,NEGATIVE
692,793,Climate Change is a Real Concern,Building Renovations. Turn $10MM into $1MMM over time. #business #money #wallstreet #enterprise #entrepreneur #engineering #SemST,NONE,NO ONE,POSITIVE
693,794,Climate Change is a Real Concern,#Mission:#Climate @ home > Purchase green power (if available) (by @EPA) #Tip #SemST,FAVOR,TARGET,NEITHER
694,795,Climate Change is a Real Concern,#AnnapurnaVancheswaran says it took 2 years to cut through the #bureaucracy & speak to Indian #government about #pivotal15 #SemST,NONE,OTHER,POSITIVE
695,796,Climate Change is a Real Concern,A Dutch court has ruled that the gov must cut emissions under human rights law! Interesting. #climatejustice2015 #SemST,FAVOR,TARGET,POSITIVE
696,797,Climate Change is a Real Concern,Good luck @solarimpulse for #Flight8. You will do it @andreborschberg ! #solar #solarimpulse #ActOnClimate #SemST,FAVOR,TARGET,POSITIVE
697,798,Climate Change is a Real Concern,Population growth is only a problem because humans treat the earth like shit.  #govegan #environment #SemST,FAVOR,TARGET,NEGATIVE
698,799,Climate Change is a Real Concern,#KCA #VoteJKT48ID ENGIEgroup: #ENGIE 9 new #COP21 solutions and more here >  #SemST,NONE,NO ONE,NEITHER
699,800,Climate Change is a Real Concern,There are NO two sides to this discussion. --@StopMotionsolo  #SemST,NONE,OTHER,NEGATIVE
700,801,Climate Change is a Real Concern,John Watterson is attending IPPC meeting to help shape the future of international greenhouse gas emission estimation methods #SemST,FAVOR,TARGET,POSITIVE
701,802,Climate Change is a Real Concern,@DavidAttenborough meets @BarackObama on #TVNZOne interview on his life and the effects of #SemST,NONE,NO ONE,NEITHER
702,803,Climate Change is a Real Concern,@abcnews afterwards can they call @TonyAbbottMHR and advise him he needs to act on #auspol #SemST,NONE,NO ONE,NEITHER
703,804,Climate Change is a Real Concern,@popupincubator #innovation of super converter on fishing boat w/ no more use of fossil fuel is looking for funding scheme in #SemST,FAVOR,TARGET,POSITIVE
704,805,Climate Change is a Real Concern,"QT @BarackObama ""I don't have much patience for anyone who denies that this challenge is real."" 1/2 #SemST",NONE,NO ONE,NEGATIVE
705,806,Climate Change is a Real Concern,SA has played an instrumental role in rallying other BASIC countries to strengthen South-South cooperation on matters around #SemST,NONE,NO ONE,POSITIVE
706,807,Climate Change is a Real Concern,Do #Catholics follow #God's word or this #Pope's ramblings?  #SemST,NONE,OTHER,NEGATIVE
707,808,Climate Change is a Real Concern,Dallas still hasn't hit 100 this year. #SemST,NONE,NO ONE,NEITHER
708,809,Climate Change is a Real Concern,"The same ppl who think Paul spoke ""for God"" when denouncing gays also think the current Pope does not speak for God. #SemST",NONE,OTHER,NEGATIVE
709,810,Climate Change is a Real Concern,Anyone else agree we should switch to concrete? + Them new snazzy self-lit roads in Netherlands! #ElectricitySaving #Autobahn #SemST,FAVOR,TARGET,POSITIVE
710,811,Climate Change is a Real Concern,"All eyes on China, reports @ClimateNexus -  plan building on agreement with US re: #emissions expected soon #cop21 #ghg #SemST",FAVOR,NO ONE,NEITHER
711,812,Climate Change is a Real Concern,"Reading: ""The Whale and the Supercomputer. On the Northern Front of Climate Change"" by Charles Wohlforth #arctic #SemST",FAVOR,NO ONE,POSITIVE
712,813,Climate Change is a Real Concern,#Mission:#Climate @ home > Wash laundry in cold water (by @ETPowerlines) #Tip #DoYourPart #SemST,FAVOR,TARGET,POSITIVE
713,814,Climate Change is a Real Concern,Today the kingdom of Bahrain participates in the High-level Event on Climate Change at the @un #UN70 #SemST,FAVOR,TARGET,NEITHER
714,815,Climate Change is a Real Concern,"President Tong tells story of vulnerability & resilience of #Kiribati, #Maldives & other low-lying states & SIDS #Action2015 #SemST",NONE,NO ONE,POSITIVE
715,816,Climate Change is a Real Concern,"Monsignor Sanchez Sorondo: ""Earth is sick. We need to heal it. #SemST",FAVOR,TARGET,NEGATIVE
716,817,Climate Change is a Real Concern,"We need to work with confidence, transparence and guided by consensus @manupulgarvidal at @UN_PGA event on #action2015 #SemST",NONE,TARGET,POSITIVE
717,818,Climate Change is a Real Concern,"Road to #Paris2015 ""#ADP2015 co-chairs' new tool will be presented on July 24th"" @manupulgarvidal at @UN_PGA event on #SemST",NONE,NO ONE,POSITIVE
718,819,Climate Change is a Real Concern,#Equity #financial #solidarity and #transparency is what #2015text needs says #Fabius at #UN #GA #SemST,NONE,NO ONE,NEGATIVE
719,820,Climate Change is a Real Concern,Can we build #thorium #LFTR now. Before its 200 degrees during summer. #MyACSucks #SemST,FAVOR,TARGET,NEGATIVE
720,821,Climate Change is a Real Concern,what is at stake is the survival of our and next generation - Indigenous People Youth #UNGA #Action2015 #COP21 #SemST,FAVOR,TARGET,NEGATIVE
721,822,Climate Change is a Real Concern,Stress on #water resources threatens lives and livelihoods #anthropoceneage #sustainability #SemST,FAVOR,TARGET,NEGATIVE
722,823,Climate Change is a Real Concern,Minister @manupulgarvidal about the importance of #INDCs to build momentum to #Paris2015 at press conference at #UN #SemST,NONE,NO ONE,NEITHER
723,824,Climate Change is a Real Concern,Why Is The Pope Upset?  via @HuffPostComedy #UnzippedTruth #PopeFrancis #SemST,NONE,OTHER,NEITHER
724,825,Climate Change is a Real Concern,. @JanezPotocnik22:The EU is spending the 300 billion collected through environmental tax on fossil fuel subsidies #Almedalen #SemST,FAVOR,TARGET,NEITHER
725,826,Climate Change is a Real Concern,"these days this I #know! I #implemented it years ago & simply walked away but I know, regards Dion #peace #Democracy! #Goal?? #SemST",NONE,OTHER,NEITHER
726,827,Climate Change is a Real Concern,"#SCOTUS,  We need to force #power #plants To cut #emissions of #mercury and other #air pollutants asap! #POTUS #EPA #Justices #SemST",FAVOR,TARGET,NEGATIVE
727,828,Climate Change is a Real Concern,The ruling by @Scotus is a major setback for @EPA & the environment.  #dirtycoal #SemST,FAVOR,TARGET,NEGATIVE
728,829,Climate Change is a Real Concern,@NZStuffBusiness Time to change the Government! #fracking #C02 #methane #pollution #cancer #health #earthquake #water #leaks #SemST,FAVOR,TARGET,NEGATIVE
729,830,Climate Change is a Real Concern,#SEBAMM #SEB2015: Prtner explains the work of the #IPCC #SemST,NONE,NO ONE,NEITHER
730,831,Climate Change is a Real Concern,@suzyji @climatedepot Great news to arrest a regulatory agency's flagrant over reach. Pathetic how little #EPA knows of #SemST,FAVOR,TARGET,NEGATIVE
731,832,Climate Change is a Real Concern,I can literally sense the global warming NOW.  #SemST,FAVOR,TARGET,NEGATIVE
732,833,Climate Change is a Real Concern,@stiNgo100 Weather patterns evolving very differently over the last few years..  #SemST,FAVOR,TARGET,NEITHER
733,834,Climate Change is a Real Concern,Coldest and wettest summer in memory. #mosquitoes #mowtwiceaweek #brrrr #SemST,FAVOR,TARGET,NEGATIVE
734,835,Climate Change is a Real Concern,Pope Francis really makin the rounds  #PopeFrancis #SemST,NONE,OTHER,POSITIVE
735,836,Climate Change is a Real Concern,@bendicoot Shit. Who set the Supreme Court to Evil again?  #SemST,NONE,OTHER,NEGATIVE
736,837,Climate Change is a Real Concern,Ballot paper posted @timfarron has my vote for leader. Our Liberal voice will be heard #HumanRightsAct #AffordableHousing #SemST,NONE,OTHER,POSITIVE
737,838,Climate Change is a Real Concern,I am thinking of turning the central heating off. :) #SemST,NONE,NO ONE,NEITHER
738,839,Climate Change is a Real Concern,If like me you felt voiceless then listen to @timfarron #libdemfightback fighting for the #HumanRightsAct #AffordableHousing #SemST,NONE,OTHER,POSITIVE
739,840,Climate Change is a Real Concern,"Being an engaged mom, means voting 4 the climate 2. Supporting only candidates who have a plan 2  act on #playin4climate #SemST",FAVOR,TARGET,POSITIVE
740,841,Climate Change is a Real Concern,We could do something...the question is will we says @PaulREhrlich #sustainability #SemST,FAVOR,TARGET,NEITHER
741,842,Climate Change is a Real Concern,"So, its 20 degrees celcius in mendoza argentina beginning of winter  #mendoza #SemST",FAVOR,TARGET,NEITHER
742,843,Climate Change is a Real Concern,"It doesn't simply rain in Houston anymore, it storms.  #SemST",FAVOR,TARGET,NEGATIVE
743,844,Climate Change is a Real Concern,I don't  care why the globe is warming. I just want to stop it before there is irreparable harm #fuckpolitics #sciencerules #SemST,FAVOR,TARGET,NEGATIVE
744,845,Climate Change is a Real Concern,World Futures Council man at #fsds15 points out absurdity of cost benefit analysis discounting future lives #sustainability #SemST,FAVOR,TARGET,NEGATIVE
745,846,Climate Change is a Real Concern,Last Thursday Lake Mead (the largest U.S. reservoir) had the lowest water level reported since 1937 #HistoryInTheMaking  #SemST,FAVOR,TARGET,NEGATIVE
746,847,Climate Change is a Real Concern,56. Here we see how environmental deterioration and human & ethical degradation are closely linked. #LaudatoSi #environment #SemST,FAVOR,TARGET,NEGATIVE
747,848,Climate Change is a Real Concern,#Mission:#Climate @ home > Defrost old fridges and freezers regularly #Tip #LoveOurPlanet #SemST,FAVOR,TARGET,POSITIVE
748,849,Climate Change is a Real Concern,"Obamacare ""Doctors Should Warn Global Warmin cud Make Patients' Health Worse"" #Obama #PresidentObama #WhiteHouse #SemST",FAVOR,TARGET,NEGATIVE
749,850,Climate Change is a Real Concern,"China, I had plans to work on other things today. Rude. #EUChina #SemST",NONE,OTHER,NEGATIVE
750,851,Climate Change is a Real Concern,"Went for a run, now I can't feel my legs and my brain feels like it's boiling. #SemST",NONE,NO ONE,NEGATIVE
751,852,Climate Change is a Real Concern,Disappointed that we are basing decisions about our very real planet on a man made currency system. #SCOTUS #EPA #SemST,FAVOR,TARGET,NEGATIVE
752,853,Climate Change is a Real Concern,"#AskRobertRedford Beyond the national level, what can be done on the individual level to mitigate the effects of #SemST",FAVOR,TARGET,NEITHER
753,854,Climate Change is a Real Concern,"@DalydeGagne @2010redmittens Canada alone needs 2 invest $60 billion a year, paid for by efficiency #cdnpoli #environment #SemST",FAVOR,TARGET,NEITHER
754,855,Climate Change is a Real Concern,#COP21 can succeed or fail. If humankind wants to survive something must be done not for nature but for humans. Simple. #SemST,FAVOR,TARGET,POSITIVE
755,856,Climate Change is a Real Concern,@EcoWatch RobertRedford + Pope say time is now. GreenNH3 is ready to roll. We all want machines. What is holdup ? #pollution #SemST,FAVOR,TARGET,NEGATIVE
756,857,Climate Change is a Real Concern,Sir David Attenborough and @BarackObama  dissgussing the planet future. The room doesn't get any better than this. #SemST,FAVOR,TARGET,POSITIVE
757,858,Climate Change is a Real Concern,@RBJRON @fedupofpollys @Jolly57La We should worry about the state he's going to leave #Australia in. #NBN Fraudband #refugees #SemST,NONE,OTHER,NEGATIVE
758,859,Climate Change is a Real Concern,"Need to separate natural disasters from man made disasters, emphasise polluter pays,and need for loss and damage. #TuvaluPM  #SemST",FAVOR,TARGET,NEGATIVE
759,860,Climate Change is a Real Concern,At the UN with crew now :) @Trashis4Tossers #SemST,NONE,NO ONE,POSITIVE
760,861,Climate Change is a Real Concern,@eilonwya10 Those items need to come back.  #SemST,NONE,OTHER,NEITHER
761,862,Climate Change is a Real Concern,Rosalind Peterson addressing UN on how aerosol spraying (Chemtrails) is affecting agriculture. #NotADebate #Geoengineering #SemST,FAVOR,TARGET,NEITHER
762,863,Climate Change is a Real Concern,@Icicle167 OK yeah that's bad... but Vancouver literally never used to get this hot #laudatosi' #SemST,FAVOR,OTHER,NEGATIVE
763,864,Climate Change is a Real Concern,"Feeling like #SCOTUS got it right, right, right ... then very wrong. Sigh. #Climatedenial #SemST",FAVOR,TARGET,NEGATIVE
764,865,Climate Change is a Real Concern,#Northwest #HeatWave continues. First time. Ever. My tomato plants have fruit. In JUNE! #Oregon #Organic #SemST,FAVOR,TARGET,POSITIVE
765,866,Climate Change is a Real Concern,Good news #SCOTUS confirmed the #UN has ZERO authority of U.S. property or enforcement. Who cares what the elites say! #COP21 #SemST,NONE,OTHER,POSITIVE
766,867,Climate Change is a Real Concern,".@RobSilver What are the chances, @irbrodie? #Kyoto #CPC? #cdnpoli #SemST",NONE,OTHER,NEITHER
767,868,Climate Change is a Real Concern,@heidtjj @DJRMewzique @Mikeh_6 @marklindesr @fatherjonathan I think we found something more dangerous to America than #SemST,NONE,OTHER,NEGATIVE
768,869,Climate Change is a Real Concern,Every human commits original sin with it's first outbreath of CO2. Mankind is fallen. #bible #SemST,FAVOR,TARGET,NEGATIVE
769,870,Climate Change is a Real Concern,If you do not repent your emission of CO2 you will end up in hell #bible #SemST,FAVOR,TARGET,NEGATIVE
770,871,Climate Change is a Real Concern,And Onan cast his CO2 into the atmosphere and committed the sin of emission #bible #SemST,FAVOR,TARGET,NEGATIVE
771,872,Climate Change is a Real Concern,As the world emitted CO2 water vapour built up in the atmosphere and caused the Lord to send the flood in retribution #bible #SemST,FAVOR,TARGET,NEGATIVE
772,873,Climate Change is a Real Concern,"#Mission:#Climate @ home > Pass your magazines on to a friend, hospital, library, or nursing home. (by @gaiam) #Tip #SemST",FAVOR,TARGET,POSITIVE
773,874,Climate Change is a Real Concern,@lancet  #climatehealth report says we need ambitious programme like Marshall plan or Apollo mission to tackle climate change #SemST,FAVOR,TARGET,NEITHER
774,875,Climate Change is a Real Concern,@NaughtyBeyotch He Is psychic 2  Huh #SemST,NONE,OTHER,NEGATIVE
775,876,Climate Change is a Real Concern,It's nights like this when I'm not so fond of my long hair. I just wanna chop it all off! #heatwave #pnwgirl #SemST,NONE,OTHER,NEGATIVE
776,877,Climate Change is a Real Concern,"We Aren't The Dinosaurs, We're The Asteroid. #earth #extinction #SemST",FAVOR,TARGET,NEGATIVE
777,878,Climate Change is a Real Concern,#Mission:#Climate on the road > Drive less (by @greengoddess892) #Tip #ImpactIsReal #SemST,FAVOR,TARGET,POSITIVE
778,879,Climate Change is a Real Concern,Look out for the hashtag #UKClimate2015 for news today on how the UK is doing in both reducing emissions and adapting to #SemST,FAVOR,TARGET,POSITIVE
779,880,Climate Change is a Real Concern,Pupils in P5-7 from Lincluden Primary are participating in Carbon Busters Project 2015-2016! #LearningForSustainability #SemST,FAVOR,TARGET,POSITIVE
780,881,Climate Change is a Real Concern,"Around 1500 new homes being built every year in England in areas at high risk of #floods, adding to risk from #UKClimate2015 #SemST",FAVOR,TARGET,NEGATIVE
781,882,Climate Change is a Real Concern,"Top-down approach is not only the solution , global governments must act together with global community against #SemST",FAVOR,TARGET,NEGATIVE
782,883,Climate Change is a Real Concern,Australia...your turn to watch Obama & Attenborough @ABCenvironment #SemST,NONE,OTHER,NEITHER
783,884,Climate Change is a Real Concern,#TonyAbbott hope you're watching President Obama talking about #SemST,NONE,OTHER,POSITIVE
784,885,Climate Change is a Real Concern,How did the #GreatBarrierReef look to you compared to when you dived it 60 years ago? @POTUS #Attenborough @ForeignOfficial #SemST,FAVOR,TARGET,NEITHER
785,886,Climate Change is a Real Concern,"It's ""mindblowing"" to me to watch this, #SirDavidAttenborough. #SemST",NONE,OTHER,POSITIVE
786,887,Climate Change is a Real Concern,David Attenborough being interviewed by President Obama is brilliant & fascinating viewing #ForeignCorrespondent #ABC #tunein #SemST,NONE,OTHER,POSITIVE
787,888,Climate Change is a Real Concern,#Mission:#Climate @ home > Simplify (by @BeZeroWaste) #Tip #DoYourPart #SemST,FAVOR,TARGET,POSITIVE
788,889,Climate Change is a Real Concern,"Clean technology, this is your moment #innovation #technology #davidattenboroughismyhero #SemST",FAVOR,TARGET,POSITIVE
789,890,Climate Change is a Real Concern,@Attenborough_D states the media needs to promote the damage of climate change. How bout you #Bolt? #ForeignCorrespondent #SemST,FAVOR,TARGET,NEGATIVE
790,891,Climate Change is a Real Concern,Water temperature off the Atlantic  coast is in the 80s in June. We are like proverbial frogs in boiling water #climate #SemST,FAVOR,TARGET,NEGATIVE
791,892,Climate Change is a Real Concern,"The #greatman @BarackObama met #greatman David Attenborough & change seems possible, attainable. Listen up! #Attenborobama #SemST",FAVOR,TARGET,POSITIVE
792,893,Climate Change is a Real Concern,"Obama & Attenborough brilliant, heart felt & honest  Why can't we have such a discussion here in Oz  #renewables #abc #auspol #SemST",FAVOR,TARGET,POSITIVE
793,894,Climate Change is a Real Concern,Scary stat of the day: 7% of the area of urban greenspace in England has been lost since 2001 @theCCCuk #SemST,FAVOR,TARGET,NEGATIVE
794,895,Climate Change is a Real Concern,What can young people do about climate change? @ChangeAgentSA @Gen_Earth @EllaBellaC @missearth_sa  #youth #SemST,FAVOR,TARGET,NEITHER
795,896,Climate Change is a Real Concern,@metaceptive @jmgamerorus gutted I've missed this would have loved to hear this talk. Africa represented #SemST,NONE,OTHER,POSITIVE
796,897,Climate Change is a Real Concern,"Everywhere we look, moderate weather seems to be going extinct. #robertredford #UN #SemST",FAVOR,TARGET,NEGATIVE
797,898,Climate Change is a Real Concern,"@rupertmurdoch - feel! I'll bin this one & upload a newer mix in a few days see which version you like better, re's D #peace #SemST",NONE,OTHER,POSITIVE
798,899,Climate Change is a Real Concern,@GinaEPA  yes but silica dust emissions are up and little is done about it at the state level and it effects #SemST,FAVOR,TARGET,NEGATIVE
799,900,Climate Change is a Real Concern,#Tolerance... I wonder how much more #Mother #Earth has at #methodology levels re our #capitalistic #ideologies? #SemST,FAVOR,TARGET,NEGATIVE
800,901,Climate Change is a Real Concern,.@MexONU : #GreenClimateFund projects must be long-lasting & lay the groundwork for low-carbon development economic models #SemST,FAVOR,TARGET,POSITIVE
801,902,Climate Change is a Real Concern,@JustinTrudeau @RethinkFusion @terrybeech @adamjpankratz @JonathanWNV #EngineeringInnovation. Future Green Tech to deal with #SemST,FAVOR,TARGET,POSITIVE
802,903,Climate Change is a Real Concern,I'm sick of celebrities who think being a well known actor makes them an authority on anything else. #robertredford #UN #SemST,AGAINST,OTHER,NEGATIVE
803,904,Climate Change is a Real Concern,[Man] cannot change the climate of any country; he adds no new element to the soil ~ Charles Darwin #anthropocene #SemST,AGAINST,TARGET,NEGATIVE
804,905,Climate Change is a Real Concern,RedScareBot: Simple Malarkey RT gingerdr Global Warming/Climate Change all a HOAX. Communist agenda for control #sustainabil... #SemST,AGAINST,TARGET,NEGATIVE
805,906,Climate Change is a Real Concern,Artic Ice highest in 10 years for the month of June..yet no headlines.. #scam #SemST,AGAINST,TARGET,NEGATIVE
806,907,Climate Change is a Real Concern,There has never been a better time to get the heck out of California. #vaccines #science #gmo #bees #autism #gmo #sb277 #SemST,NONE,OTHER,NEGATIVE
807,908,Climate Change is a Real Concern,"Noted climatologist, marine biologist,& oceanographer Ted Danson told us 27 yrs ago that the oceans would be dead in 10 yrs. #SemST",AGAINST,OTHER,NEGATIVE
808,909,Climate Change is a Real Concern,"I bet as a species, Man farts more today due to: Soda, Carbonated Beverages & Fast Food than any other recorded era before. #SemST",NONE,OTHER,NEGATIVE
809,910,Climate Change is a Real Concern,"As a general rule, mandatory things of all kinds should be refused. #vaccines #gmo #science #bees #fitness #sb277 #nutrition #SemST",NONE,OTHER,NEGATIVE
810,911,Climate Change is a Real Concern,"@DeanLeh @earthguardianz excellent speech! Well done. showed ur video to Birdie,she is ready to be part of the change. #rise #SemST",NONE,OTHER,POSITIVE
811,912,Climate Change is a Real Concern,@JodyBland the real question is do you feel safe driving a Prius through Harrison?  #SemST,NONE,OTHER,NEITHER
812,913,Climate Change is a Real Concern,#Transpregnancy #transgender is a major reason why scientists can't find a cure to #cancer #aids #SemST,NONE,OTHER,NEGATIVE
813,914,Climate Change is a Real Concern,if this heat is killing me i don't wanna know what the poor polar bears are going through right now  #SemST,FAVOR,TARGET,NEGATIVE
814,915,Climate Change is a Real Concern,WHEN THE WELL IS DRY WE KNOW THE VALUE OF #WATER: Ben Franklin #ActOnClimate #EPA #SemST,FAVOR,TARGET,NEITHER
815,916,Climate Change is a Real Concern,"Yo if you live in the United States right now, and do not believe in Global Climate Change, you're a fucking idiot. #fact #SemST",FAVOR,TARGET,NEGATIVE
816,917,Climate Change is a Real Concern,Thanks #MarcLevine & #Ilike_Mike for supporting legislation on #SemST,NONE,OTHER,POSITIVE
817,918,Climate Change is a Real Concern,#heatstroke in Sind & Rajasthan temperature Incresng in frozen areas #earthquake rain shower reduced A massive climate change #SemST,FAVOR,TARGET,NEITHER
818,919,Climate Change is a Real Concern,It's so unfortunate that the systematic destruction of our planet is merely seen to some as a political issue. #SemST,FAVOR,TARGET,NEGATIVE
819,920,Climate Change is a Real Concern,People at the bar bitching about the heat and drought. No one utters the words #fossilfuel caused #elephantintheroom #denial #SemST,FAVOR,TARGET,NEGATIVE
820,921,Climate Change is a Real Concern,"@FireUntildawn @chriskkenny Let me guess. You're a LYING, RABID LEFTIST/WARMIST USED TO TWISTING FACTS TO FURTHER YOUR AGENDA #SemST",NONE,OTHER,NEGATIVE
821,922,Climate Change is a Real Concern,@heartlandinst The French? you mean the nation that builds tanks with a rear view mirror and six gears in reverse. #SemST,NONE,OTHER,NEGATIVE
822,923,Climate Change is a Real Concern,My dogs are #panting to the beat of my music! #SemST,NONE,OTHER,POSITIVE
823,924,Climate Change is a Real Concern,"A high emissions scenario would be a disaster for marine life, as well as for ourselves - Dr Williamson #SemST",FAVOR,TARGET,NEGATIVE
824,925,Climate Change is a Real Concern,There are a lot of things that need to be done. But first should be changing our mindset.  #WaterManagement #SemST,FAVOR,OTHER,NEGATIVE
825,926,Climate Change is a Real Concern,It's hot af in #seattle. This is not normal! #hotAF #SemST,FAVOR,TARGET,NEGATIVE
826,927,Climate Change is a Real Concern,@osteomath @capitalweather Funny how you all of a sudden refer to him as a weatherman now  #climatechange...weather. #SemST,FAVOR,TARGET,NEGATIVE
827,928,Climate Change is a Real Concern,"Not to worry, sediment cores prove shellfish & coral will recover in just 160,000 years. #oilandgas #rbe #tvp #SemST",FAVOR,TARGET,NEITHER
828,929,Climate Change is a Real Concern,Have never been so outrageously grateful for a slight cool breeze drifting over my body. Is this the future? #nakedtimes #SemST,FAVOR,TARGET,POSITIVE
829,930,Climate Change is a Real Concern,"Hey @DrAnthonyLynham, please reject the Adani Carmichael #coal mine and Abbot Point. Our Reef and climate are at risk!  #GBR #SemST",FAVOR,TARGET,NEGATIVE
830,931,Climate Change is a Real Concern,Tornado warnings for the UK this weekend.  And the government still chooses to ignore global warming #ukweather #SemST,FAVOR,TARGET,NEGATIVE
831,932,Climate Change is a Real Concern,#MainauDeclaration2015 watch out guys.. This is HUGE!! #LindauNobel #SemST,NONE,OTHER,POSITIVE
832,933,Climate Change is a Real Concern,#MainauDeclaration2015.....lets push the Agenga worldwide without any fear #climatejustice2015 #SemST,FAVOR,TARGET,POSITIVE
833,934,Climate Change is a Real Concern,#MainauDeclaration2015 60 years later..#LiNo15 Laureates and young scientists say it is time to act #SemST,FAVOR,TARGET,NEITHER
834,935,Climate Change is a Real Concern,. @PSaintAmans Well-designed tax policies can help fix a number of environmental issues #ITDconf #COP21 #SemST,FAVOR,TARGET,POSITIVE
835,936,Climate Change is a Real Concern,Just read Scalia's idiotic opinion overturning the EPA's carbon emissions limits. Planning to spend day in a seething rage. #SemST,FAVOR,OTHER,NEGATIVE
836,937,Climate Change is a Real Concern,Don't act as if we have another planet to live in #COP21 #SemST,FAVOR,TARGET,NEGATIVE
837,938,Climate Change is a Real Concern,"@Reince #GOPClownCar a shame #gop considers ""HRC emails"" more disconcerting than #jobs #infrastructure #education #SemST",NONE,OTHER,NEGATIVE
838,939,Climate Change is a Real Concern,(1/2) Poisoning of the #Biosphere cannot be dealt with by free market economics;  #TaxWallStreet #Environment #GMO #SemST,FAVOR,TARGET,NEGATIVE
839,940,Climate Change is a Real Concern,".@solarimpulse I see this pick up on the rwy with the ""Follow me Andr"" sign... It should be the other way round ! #SemST",NONE,OTHER,NEGATIVE
840,941,Climate Change is a Real Concern,Everyone is busy building their bank accounts but one day that paper won't help you during massive natural calamities. #SemST,FAVOR,OTHER,NEGATIVE
841,942,Climate Change is a Real Concern,U.S. Should hold referendum prior to Paris talks to gauge American support for dealing (hopefully leading) on #SemST,NONE,OTHER,NEITHER
842,943,Climate Change is a Real Concern,"Audio world, look out! There's a new sheriff in town   #audio #music #world #entrepreneur #love #life #SemST",NONE,NO ONE,POSITIVE
843,944,Climate Change is a Real Concern,"Second heatwave hits NA NW popping up everywhere, and floods too, record wildfires in canada, what a mess,  time up! #SemST",FAVOR,TARGET,NEGATIVE
844,945,Climate Change is a Real Concern,"Global Warming! Global Warming! Global Warming!  Oh wait, it's summer.  #SemST",AGAINST,TARGET,NEGATIVE
845,946,Climate Change is a Real Concern,GlblWarmingNews And the tooth fairy might be causing kids to lose teeth! #carbontaxscam #Chemtrails #SemST,AGAINST,TARGET,NEGATIVE
846,947,Climate Change is a Real Concern,tsgtalexander: GlblWarmingNews And the tooth fairy might be causing kids to lose teeth! #carbontaxscam #Chemtrails #SemST,AGAINST,TARGET,NEGATIVE
847,948,Climate Change is a Real Concern,BrettGarrot: BrettGarrot: GlblWarmingNews And the tooth fairy might be causing kids to lose teeth! #carbontaxscam #Chemtrails #SemST,AGAINST,TARGET,NEGATIVE
848,949,Climate Change is a Real Concern,When did CO2 become a dangerous pollutant that must be curtailed? What do you exhale again? #Iwantanswers #SemST,AGAINST,TARGET,NEGATIVE
849,950,Climate Change is a Real Concern,We're growing vegetables at home. Tell your friends and followers what you're doing for climate! #myChangeForClimate #SemST,FAVOR,TARGET,POSITIVE
850,951,Climate Change is a Real Concern,"LED lights, water saving toilets, showerheads, appliances etc. when we renovate, we choose efficient.   #myChangeForClimate #SemST",FAVOR,TARGET,POSITIVE
851,952,Climate Change is a Real Concern,"Evening @algore, any #democratic thoughts as yet? I get #bored easy re the #politics of it all hop hop, regards D #peace #GMS #SemST",NONE,OTHER,NEGATIVE
852,953,Climate Change is a Real Concern,If ther clmate change alarmists come out in sept this year and tell me this was the hottest winter on record ill go postal #SemST,AGAINST,TARGET,NEGATIVE
853,954,Climate Change is a Real Concern,.@CreeClayton wonderful to find you on twitter. Meet @masroora a Canadian working in #SemST,NONE,NO ONE,POSITIVE
854,955,Climate Change is a Real Concern,"@POTUS , before we can defeat ISIS we first must defeat #SemST",NONE,NO ONE,NEITHER
855,956,Climate Change is a Real Concern,#Mission:#Climate @ home > Reduce . Reuse . Recycle . Replenish . Restore  (by @ScrapCatalytics) #Tip #EarthRightNow #SemST,FAVOR,TARGET,POSITIVE
856,957,Climate Change is a Real Concern,"Without a place for feeding, mating and giving birth, there is no future for polar bears :( #SemST",FAVOR,TARGET,NEGATIVE
857,958,Climate Change is a Real Concern,BC continues to burn. If this ain't a wake up call to everyone then nothing will be #Vancouver #bcwildfires #SemST,FAVOR,TARGET,NEGATIVE
858,959,Climate Change is a Real Concern,Pittsburgh had a Regatta without boats. River full of debris and swift currents. Too dangerous #SemST,NONE,OTHER,NEGATIVE
859,960,Climate Change is a Real Concern,"UN, decline of 50% in crop yields in developing countries (rice,wheat,corn) over the next 35 years,especially in the tropics #SemST",FAVOR,TARGET,NEGATIVE
860,961,Climate Change is a Real Concern,Great meeting @balboalice and @CTwigg1 today to discuss Future Cities and how UK expertise can be shared & applied in #China #SemST,NONE,OTHER,POSITIVE
861,962,Climate Change is a Real Concern,@RepTomMarino my priority is to address #SemST,NONE,OTHER,NEITHER
862,963,Climate Change is a Real Concern,RT @MediaRage: One of the most brilliant BS stories created by man to subjugate others:  #LeftistLiesIsBS #SemST,NONE,OTHER,NEGATIVE
863,964,Climate Change is a Real Concern,There is need for world economic powers to be true about climate change funding. The world needs action not empty rhetorics #SemST,FAVOR,TARGET,NEGATIVE
864,965,Climate Change is a Real Concern,"COPS, UN conferences, board room meetings till when shall this continue when innocent lives and livelihoods are lost.  #SemST",NONE,OTHER,NEGATIVE
865,966,Climate Change is a Real Concern,Scorching summers for UK by end of the century! Thank Rocks I won't be here to suffer them! :-)  #SemST,FAVOR,TARGET,POSITIVE
866,967,Climate Change is a Real Concern,Try to create the world you want to live in. @dalailama #WithCompassion #SemST,NONE,OTHER,POSITIVE
867,968,Climate Change is a Real Concern,Sea level rise by the end of the century (1-2 meters) will drown SF airport and LA port. @IVelicogna #WithCompassion #SemST,FAVOR,TARGET,NEGATIVE
868,969,Climate Change is a Real Concern,Climate change is an emergency. Stop denial and start taking steps. #climatehealth #SemST,FAVOR,TARGET,NEGATIVE
869,970,Climate Change is a Real Concern,RT @fadoben60: When the rate of #Utilisation exceeds the rate of #Regeneration then it calls for #DEGRADATION. #michachallen... #SemST,NONE,OTHER,NEGATIVE
870,971,Climate Change is a Real Concern,Climate change is a solvable problem but we need to start today. #HHDL80 #SemST,FAVOR,TARGET,POSITIVE
871,972,Climate Change is a Real Concern,@DalaiLama suggests we should have schools for politicians to educate them on critical issues #WithCompassion #HHDL80 #SemST,NONE,OTHER,POSITIVE
872,973,Climate Change is a Real Concern,@shalomshuli I'm guessing there was a lot less humidity back in the time of Moses. #SemST,FAVOR,TARGET,NEGATIVE
873,974,Climate Change is a Real Concern,Are these ominous yellow #Vancouver skies making anyone else dread our climate future? #wildfires #SemST,FAVOR,TARGET,NEGATIVE
874,975,Climate Change is a Real Concern,"Cause and Effect - Dry conditions, wildfires.  #Preventable #HumanCaused #SemST",FAVOR,TARGET,NEGATIVE
875,976,Climate Change is a Real Concern,#SavingMyTomorrow @HBO why are you guys not promoting this like crazy???? #HBO #SemST,NONE,OTHER,NEGATIVE
876,977,Climate Change is a Real Concern,Greenland's ice is melting faster this summer under a dome of high pressure #SemST,FAVOR,TARGET,NEITHER
877,978,Climate Change is a Real Concern,@davidakin @lraitt Installing new #ForestFire navigation systems? #NoKinderMorgan #NoTarSands #cdnpoli #SemST,NONE,NO ONE,NEITHER
878,979,Climate Change is a Real Concern,@kyjl89 it's crazy. Oklahoma is bracing for more flooding rains (4th cycle this year) & Canada is burning. #SemST,FAVOR,TARGET,NEGATIVE
879,980,Climate Change is a Real Concern,That awkward moment when a pro-coal PR campaign has over 100K more followers than you do: @AdvancedEnergy #greenwashing #SemST,FAVOR,TARGET,NEGATIVE
880,981,Climate Change is a Real Concern,I'm gonna side with the really smart and well educated folks on this one guys. #SemST,NONE,OTHER,POSITIVE
881,982,Climate Change is a Real Concern,"Climate change financing,cc adaptation, cc and resilience,the green economy.Lots of semantics as communities waitforsolutions #SemST",FAVOR,TARGET,NEITHER
882,983,Climate Change is a Real Concern,@AssaadRazzouk @TheEarthNetwork @wynnandreid USA is behind....due to IDIOCY #SemST,NONE,OTHER,NEGATIVE
883,984,Climate Change is a Real Concern,Tonight - Academy of Science talk Tech solutions for climate change with Prof. Barry Brook #cantorandballtowers #Canberra #SemST,FAVOR,TARGET,NEITHER
884,985,Climate Change is a Real Concern,@Revelation1217 @erotao  The Snow is melting? #TCOT #SemST,NONE,OTHER,NEITHER
885,986,Climate Change is a Real Concern,@WSJ images like this make me fearful that the next epidemic must be coming soon. #overpopulation #SemST,NONE,OTHER,NEGATIVE
886,987,Climate Change is a Real Concern,@Muskoka247 @Muskoka411 You're proud of that? #ShoalLake #boilwater #FortChip #cancer #Vanuatu #BalaFalls #landscapingissues #SemST,NONE,OTHER,NEGATIVE
887,988,Climate Change is a Real Concern,The #MNTwins game is going really fast tonight. More proof of #SemST,NONE,OTHER,POSITIVE
888,989,Climate Change is a Real Concern,@noel_kck @TomSteyer @BillNye @POTUS Further proof of #SemST,NONE,OTHER,NEITHER
889,990,Climate Change is a Real Concern,@porterthereport Please don't let him win this. Your loyal readers support you. #SemST,NONE,OTHER,POSITIVE
890,991,Climate Change is a Real Concern,Wish everyone wasn't so pale this season #suntan #babyoil #TheBachelorette #SemST,NONE,OTHER,NEGATIVE
891,992,Climate Change is a Real Concern,"National announces plan to put out fire in pantry. Rest of the house can burn baby, burn. #sameoldshit #SemST",NONE,OTHER,NEGATIVE
892,993,Climate Change is a Real Concern,Rent a theatre and show the movie #ChasingIce to my friends and family to spread the message of global warming. #My1500 #SemST,FAVOR,TARGET,NEITHER
893,994,Climate Change is a Real Concern,Rt easyprintitja: Rt FirstKingTre: Freak #rain in Kingston #Jamaica.. sudden #skuii876 #SemST,NONE,NO ONE,NEITHER
894,995,Climate Change is a Real Concern,Stormiest 2014-2014 in Ireland and UK in 143 years. That saying something @NewsClimate @wattsupwiththat   #SemST,FAVOR,TARGET,NEITHER
895,996,Climate Change is a Real Concern,"@LiberalAus - #Wrong #century re the #IPCCreport & the involved #methodology I do have to say, ""regards Dion #peace #ideology #SemST",NONE,OTHER,NEITHER
896,997,Climate Change is a Real Concern,"#TakeDownTheFlag & #LoveWins represent tectonic cultural shifts, thanks in no small part 2 Twitter & Facebook. Imagine same 4 #SemST",NONE,OTHER,NEGATIVE
897,998,Climate Change is a Real Concern,I expected New Zealand's so-called leaders to show leadership. Instead they show weak-minded ignorance. Laggardship. #SemST,NONE,OTHER,NEGATIVE
898,999,Climate Change is a Real Concern,11% reduction is this a joke? Our govt seems to be more concerned about flag change than #SemST,NONE,NO ONE,NEGATIVE
899,1000,Climate Change is a Real Concern,until newyork london frankfurt knee deep in sea #water NOTHING will happen @unfccc #cop21 #co95=FREE parties @annaborgeryd #SemST,FAVOR,TARGET,NEGATIVE
900,1001,Climate Change is a Real Concern,".@ClimatParis2015, the climate science forum begins today. Follow its progress on #CFCC15 #SustainableDevelopment #SemST",FAVOR,TARGET,POSITIVE
901,1002,Climate Change is a Real Concern,We need integrated #science with #indigenous knowledge to understand & adapt to  #CFCC15 #SemST,FAVOR,TARGET,POSITIVE
902,1003,Climate Change is a Real Concern,".@whelan60 ""While this debate goes on, yet more time is wasted."" #thedrum #SemST",NONE,NO ONE,NEGATIVE
903,1004,Climate Change is a Real Concern,If sea levels get any higher flooding in lowlands could become dire. #SemST,FAVOR,TARGET,NEGATIVE
904,1005,Climate Change is a Real Concern,If we don't do anything we will be the sad generation that had the opportunity to act and didn't #CFCC15 #Journey2015 #SemST,FAVOR,TARGET,NEGATIVE
905,1006,Climate Change is a Real Concern,Vallaud-Belkacem: Are we the generation who knew what would happen but who did nothing? Say no! #wakeup #CFCC15 #SemST,FAVOR,TARGET,NEGATIVE
906,1007,Climate Change is a Real Concern,"If we do not act, we will be the generation who knew, but did not move. - @najatvb #CFCC15 #SemST",FAVOR,TARGET,POSITIVE
907,1008,Climate Change is a Real Concern,The carbon clock is ticking @CarbonBubble #SurplusGas #carbon #gas #SemST,FAVOR,TARGET,NEGATIVE
